unique_id,price_paid,deed_date,postcode,property_type,new_build,estate_type,saon,paon,street,locality,town,district,county,transaction_category,linked_data_uri
"A373DD4F-6109-4002-B9B8-8FE0C8D2B60B","191000","2000-09-20","EC1Y 0RB","F","N","L","FLAT 2","CUTHBERT HARROWING HOUSE","GOLDEN LANE ESTATE","","LONDON","CITY OF LONDON","GREATER LONDON","A","http://landregistry.data.gov.uk/data/ppi/transaction/A373DD4F-6109-4002-B9B8-8FE0C8D2B60B/current"
"9224ABAB-AE9F-4138-BF13-8E08EC72B47A","272000","2002-10-14","EC1Y 0RB","F","N","L","FLAT 5","CUTHBERT HARROWING HOUSE","GOLDEN LANE ESTATE","LONDON","LONDON","CITY OF LONDON","GREATER LONDON","A","http://landregistry.data.gov.uk/data/ppi/transaction/9224ABAB-AE9F-4138-BF13-8E08EC72B47A/current"
"F7D12811-4A51-47D7-8933-C3E40DF7DF00","150000","1999-06-08","EC1Y 0RB","F","N","L","FLAT 5","CUTHBERT HARROWING HOUSE","GOLDEN LANE ESTATE","","LONDON","CITY OF LONDON","GREATER LONDON","A","http://landregistry.data.gov.uk/data/ppi/transaction/F7D12811-4A51-47D7-8933-C3E40DF7DF00/current"
"726BF13B-0EF2-0A46-E053-6C04A8C01D0D","730000","2018-07-06","EC1Y 0RB","F","N","L","FLAT 9","CUTHBERT HARROWING HOUSE","GOLDEN LANE ESTATE","","LONDON","CITY OF LONDON","GREATER LONDON","A","http://landregistry.data.gov.uk/data/ppi/transaction/726BF13B-0EF2-0A46-E053-6C04A8C01D0D/current"
"7CDF287D-4D8B-4FE4-8E05-60B4FC8129F6","432000","2015-09-04","EC1Y 0RD","F","N","L","FLAT 15","GREAT ARTHUR HOUSE","GOLDEN LANE ESTATE","","LONDON","CITY OF LONDON","GREATER LONDON","A","http://landregistry.data.gov.uk/data/ppi/transaction/7CDF287D-4D8B-4FE4-8E05-60B4FC8129F6/current"
"8CAC1317-E445-0253-E053-6B04A8C08E51","424000","2019-03-29","EC1Y 0RD","F","N","L","FLAT 18","GREAT ARTHUR HOUSE","GOLDEN LANE ESTATE","","LONDON","CITY OF LONDON","GREATER LONDON","A","http://landregistry.data.gov.uk/data/ppi/transaction/8CAC1317-E445-0253-E053-6B04A8C08E51/current"
"8A08712E-31BE-495D-BC84-E128EB807BF7","243000","2008-12-22","EC1Y 0RD","F","N","L","FLAT 20","GREAT ARTHUR HOUSE","GOLDEN LANE ESTATE","LONDON","LONDON","CITY OF LONDON","GREATER LONDON","A","http://landregistry.data.gov.uk/data/ppi/transaction/8A08712E-31BE-495D-BC84-E128EB807BF7/current"
"204D5390-360E-4298-83D5-07B5A029236E","249995","2008-10-10","EC1Y 0RD","F","N","L","FLAT 27","GREAT ARTHUR HOUSE","GOLDEN LANE ESTATE","LONDON","LONDON","CITY OF LONDON","GREATER LONDON","A","http://landregistry.data.gov.uk/data/ppi/transaction/204D5390-360E-4298-83D5-07B5A029236E/current"
"AFA9A9EA-86DA-4F1C-9809-BED0B29CD9A2","170000","2004-06-03","EC1Y 0RD","F","N","L","FLAT 27","GREAT ARTHUR HOUSE","GOLDEN LANE ESTATE","LONDON","LONDON","CITY OF LONDON","GREATER LONDON","A","http://landregistry.data.gov.uk/data/ppi/transaction/AFA9A9EA-86DA-4F1C-9809-BED0B29CD9A2/current"
"2CACAD06-BAA5-4E67-876D-F288B343EC9B","115000","2001-07-10","EC1Y 0RD","F","N","L","FLAT 31","GREAT ARTHUR HOUSE","GOLDEN LANE ESTATE","LONDON","LONDON","CITY OF LONDON","GREATER LONDON","A","http://landregistry.data.gov.uk/data/ppi/transaction/2CACAD06-BAA5-4E67-876D-F288B343EC9B/current"
"E35BD68F-67AD-4364-B42E-4CE2DB408452","112000","2000-02-18","EC1Y 0RD","F","N","L","FLAT 31","GREAT ARTHUR HOUSE","GOLDEN LANE ESTATE","","LONDON","CITY OF LONDON","GREATER LONDON","A","http://landregistry.data.gov.uk/data/ppi/transaction/E35BD68F-67AD-4364-B42E-4CE2DB408452/current"
"21E5FEB7-82EE-2439-E050-A8C06205342E","360000","2015-04-16","EC1Y 0RD","F","N","L","FLAT 4","GREAT ARTHUR HOUSE","GOLDEN LANE ESTATE","","LONDON","CITY OF LONDON","GREATER LONDON","B","http://landregistry.data.gov.uk/data/ppi/transaction/21E5FEB7-82EE-2439-E050-A8C06205342E/current"
"97D491B1-47FF-40B3-A2E6-414F89E98BA5","130000","2001-10-15","EC1Y 0RD","F","N","L","FLAT 9","GREAT ARTHUR HOUSE","GOLDEN LANE ESTATE","LONDON","LONDON","CITY OF LONDON","GREATER LONDON","A","http://landregistry.data.gov.uk/data/ppi/transaction/97D491B1-47FF-40B3-A2E6-414F89E98BA5/current"
"7168E952-6BCF-456F-B5E7-48670A0C2F9A","206500","2003-09-26","EC1Y 0RE","F","N","L","FLAT 35","GREAT ARTHUR HOUSE","GOLDEN LANE ESTATE","LONDON","LONDON","CITY OF LONDON","GREATER LONDON","A","http://landregistry.data.gov.uk/data/ppi/transaction/7168E952-6BCF-456F-B5E7-48670A0C2F9A/current"
"B2FEE61C-EC2D-4CFB-91A1-7BD8D98A0410","180000","2005-01-06","EC1Y 0RE","F","N","L","FLAT 36","GREAT ARTHUR HOUSE","GOLDEN LANE ESTATE","LONDON","LONDON","CITY OF LONDON","GREATER LONDON","A","http://landregistry.data.gov.uk/data/ppi/transaction/B2FEE61C-EC2D-4CFB-91A1-7BD8D98A0410/current"
"2470FA0E-B3F6-4D16-8B45-3DAFA86631F6","320000","2012-02-29","EC1Y 0RE","F","N","L","FLAT 38","GREAT ARTHUR HOUSE","GOLDEN LANE ESTATE","","LONDON","CITY OF LONDON","GREATER LONDON","A","http://landregistry.data.gov.uk/data/ppi/transaction/2470FA0E-B3F6-4D16-8B45-3DAFA86631F6/current"
"DA248F8C-3B7C-44A7-95A8-462C2B90FEA8","250000","2010-05-28","EC1Y 0RE","F","N","L","FLAT 38","GREAT ARTHUR HOUSE","GOLDEN LANE ESTATE","","LONDON","CITY OF LONDON","GREATER LONDON","A","http://landregistry.data.gov.uk/data/ppi/transaction/DA248F8C-3B7C-44A7-95A8-462C2B90FEA8/current"
"BD03196A-2203-475C-8C1D-ED9F6376C2B3","235000","2005-12-19","EC1Y 0RE","F","N","L","FLAT 39","GREAT ARTHUR HOUSE","GOLDEN LANE ESTATE","LONDON","LONDON","CITY OF LONDON","GREATER LONDON","A","http://landregistry.data.gov.uk/data/ppi/transaction/BD03196A-2203-475C-8C1D-ED9F6376C2B3/current"
"81745443-B597-463F-A16D-B8BFEF41D341","184500","2003-04-15","EC1Y 0RE","F","N","L","FLAT 39","GREAT ARTHUR HOUSE","GOLDEN LANE ESTATE","LONDON","LONDON","CITY OF LONDON","GREATER LONDON","A","http://landregistry.data.gov.uk/data/ppi/transaction/81745443-B597-463F-A16D-B8BFEF41D341/current"
"0304A220-0A4C-4F05-A79F-5B759F2299A4","195000","2004-12-13","EC1Y 0RE","F","N","L","FLAT 41","GREAT ARTHUR HOUSE","GOLDEN LANE ESTATE","LONDON","LONDON","CITY OF LONDON","GREATER LONDON","A","http://landregistry.data.gov.uk/data/ppi/transaction/0304A220-0A4C-4F05-A79F-5B759F2299A4/current"
"11BB487E-356D-425D-BAA3-AC4CCE13878D","170000","2002-06-14","EC1Y 0RE","F","N","L","FLAT 43","GREAT ARTHUR HOUSE","GOLDEN LANE ESTATE","LONDON","LONDON","CITY OF LONDON","GREATER LONDON","A","http://landregistry.data.gov.uk/data/ppi/transaction/11BB487E-356D-425D-BAA3-AC4CCE13878D/current"
"74AA5657-D381-4F0A-9222-BB3F938DF76F","236000","2010-03-15","EC1Y 0RE","F","N","L","FLAT 44","GREAT ARTHUR HOUSE","GOLDEN LANE ESTATE","","LONDON","CITY OF LONDON","GREATER LONDON","A","http://landregistry.data.gov.uk/data/ppi/transaction/74AA5657-D381-4F0A-9222-BB3F938DF76F/current"
"D31C3EF1-C7EA-4DF1-AEFC-36B790EFCD45","267500","2010-04-08","EC1Y 0RE","F","N","L","FLAT 46","GREAT ARTHUR HOUSE","GOLDEN LANE ESTATE","","LONDON","CITY OF LONDON","GREATER LONDON","A","http://landregistry.data.gov.uk/data/ppi/transaction/D31C3EF1-C7EA-4DF1-AEFC-36B790EFCD45/current"
"C815B675-2F7D-4139-9368-F90BC62C7ADD","235000","2006-05-02","EC1Y 0RE","F","N","L","FLAT 46","GREAT ARTHUR HOUSE","GOLDEN LANE ESTATE","LONDON","LONDON","CITY OF LONDON","GREATER LONDON","A","http://landregistry.data.gov.uk/data/ppi/transaction/C815B675-2F7D-4139-9368-F90BC62C7ADD/current"
"576EA64E-9A4D-4628-8FC1-E412BC134CB3","117250","2000-02-24","EC1Y 0RE","F","N","L","FLAT 50","GREAT ARTHUR HOUSE","GOLDEN LANE ESTATE","","LONDON","CITY OF LONDON","GREATER LONDON","A","http://landregistry.data.gov.uk/data/ppi/transaction/576EA64E-9A4D-4628-8FC1-E412BC134CB3/current"
"8C556390-9AB0-406A-8F97-7DB40D344B7D","122000","2002-07-05","EC1Y 0RE","F","N","L","FLAT 53","GREAT ARTHUR HOUSE","GOLDEN LANE ESTATE","LONDON","LONDON","CITY OF LONDON","GREATER LONDON","A","http://landregistry.data.gov.uk/data/ppi/transaction/8C556390-9AB0-406A-8F97-7DB40D344B7D/current"
"E26E02E3-89E2-4862-8072-8E5E038058BD","240000","2010-06-25","EC1Y 0RE","F","N","L","FLAT 55","GREAT ARTHUR HOUSE","GOLDEN LANE ESTATE","","LONDON","CITY OF LONDON","GREATER LONDON","A","http://landregistry.data.gov.uk/data/ppi/transaction/E26E02E3-89E2-4862-8072-8E5E038058BD/current"
"93D9EB5D-67B9-4E68-A2EA-C043080683E0","131000","2006-03-23","EC1Y 0RE","F","N","L","FLAT 57","GREAT ARTHUR HOUSE","GOLDEN LANE ESTATE","LONDON","LONDON","CITY OF LONDON","GREATER LONDON","A","http://landregistry.data.gov.uk/data/ppi/transaction/93D9EB5D-67B9-4E68-A2EA-C043080683E0/current"
"2FC73185-7454-4D27-AE6B-C905643DFE12","220000","2007-02-09","EC1Y 0RH","F","N","L","FLAT 100","GREAT ARTHUR HOUSE","GOLDEN LANE ESTATE","LONDON","LONDON","CITY OF LONDON","GREATER LONDON","A","http://landregistry.data.gov.uk/data/ppi/transaction/2FC73185-7454-4D27-AE6B-C905643DFE12/current"
"C65C02C5-7B01-476B-9641-4D380C80325F","172500","2003-11-13","EC1Y 0RH","F","N","L","FLAT 100","GREAT ARTHUR HOUSE","GOLDEN LANE ESTATE","LONDON","LONDON","CITY OF LONDON","GREATER LONDON","A","http://landregistry.data.gov.uk/data/ppi/transaction/C65C02C5-7B01-476B-9641-4D380C80325F/current"
"D2DFDAD5-5899-4E3A-80C3-86DD30F0F079","260000","2011-09-09","EC1Y 0RH","F","N","L","FLAT 103","GREAT ARTHUR HOUSE","GOLDEN LANE ESTATE","","LONDON","CITY OF LONDON","GREATER LONDON","A","http://landregistry.data.gov.uk/data/ppi/transaction/D2DFDAD5-5899-4E3A-80C3-86DD30F0F079/current"
"7AC10CFC-56A3-414B-B498-C9C594720243","159000","2003-09-19","EC1Y 0RH","F","N","L","FLAT 103","GREAT ARTHUR HOUSE","GOLDEN LANE ESTATE","LONDON","LONDON","CITY OF LONDON","GREATER LONDON","A","http://landregistry.data.gov.uk/data/ppi/transaction/7AC10CFC-56A3-414B-B498-C9C594720243/current"
"D2198E8D-E849-4A66-B227-256C72C6036C","238000","2009-12-21","EC1Y 0RH","F","N","L","FLAT 106","GREAT ARTHUR HOUSE","GOLDEN LANE ESTATE","","LONDON","CITY OF LONDON","GREATER LONDON","A","http://landregistry.data.gov.uk/data/ppi/transaction/D2198E8D-E849-4A66-B227-256C72C6036C/current"
"2A289E9E-2D3B-CDC8-E050-A8C063054829","42000","1996-06-14","EC1Y 0RH","F","N","L","FLAT 106","GREAT ARTHUR HOUSE","GOLDEN LANE ESTATE","","LONDON","CITY OF LONDON","GREATER LONDON","A","http://landregistry.data.gov.uk/data/ppi/transaction/2A289E9E-2D3B-CDC8-E050-A8C063054829/current"
"CE05804D-1C71-454E-A285-DD06ECD25541","134000","2000-12-11","EC1Y 0RH","F","N","L","FLAT 110","GREAT ARTHUR HOUSE","GOLDEN LANE ESTATE","","LONDON","CITY OF LONDON","GREATER LONDON","A","http://landregistry.data.gov.uk/data/ppi/transaction/CE05804D-1C71-454E-A285-DD06ECD25541/current"
"1DEB1675-7776-4218-8CE9-33F2AE3F9C87","60000","1997-10-17","EC1Y 0RH","F","N","L","FLAT 117","GREAT ARTHUR HOUSE","GOLDEN LANE ESTATE","LONDON","LONDON","CITY OF LONDON","GREATER LONDON","A","http://landregistry.data.gov.uk/data/ppi/transaction/1DEB1675-7776-4218-8CE9-33F2AE3F9C87/current"
"1E58F15F-93F1-4035-963E-817A9D4AD186","167500","2003-12-12","EC1Y 0RH","F","N","L","FLAT 119","GREAT ARTHUR HOUSE","GOLDEN LANE ESTATE","LONDON","LONDON","CITY OF LONDON","GREATER LONDON","A","http://landregistry.data.gov.uk/data/ppi/transaction/1E58F15F-93F1-4035-963E-817A9D4AD186/current"
"DB1C430D-172F-4947-AC10-EB0D866F4EF4","192000","2005-07-04","EC1Y 0RH","F","N","L","FLAT 92","GREAT ARTHUR HOUSE","GOLDEN LANE ESTATE","","LONDON","CITY OF LONDON","GREATER LONDON","A","http://landregistry.data.gov.uk/data/ppi/transaction/DB1C430D-172F-4947-AC10-EB0D866F4EF4/current"
"2131FCF6-DE7C-86E8-E063-4804A8C0372B","512000","2024-04-05","EC1Y 0RH","F","N","L","FLAT 93","GREAT ARTHUR HOUSE","GOLDEN LANE ESTATE","","LONDON","CITY OF LONDON","GREATER LONDON","B","http://landregistry.data.gov.uk/data/ppi/transaction/2131FCF6-DE7C-86E8-E063-4804A8C0372B/current"
"37D78855-CBA8-4BAD-9931-03A5B9EA3C27","243000","2009-06-12","EC1Y 0RH","F","N","L","FLAT 94","GREAT ARTHUR HOUSE","GOLDEN LANE ESTATE","","LONDON","CITY OF LONDON","GREATER LONDON","A","http://landregistry.data.gov.uk/data/ppi/transaction/37D78855-CBA8-4BAD-9931-03A5B9EA3C27/current"
"4959E0BD-507A-4643-AD84-8FA7529FACE4","56000","1997-08-11","EC1Y 0RH","F","N","L","FLAT 94","GREAT ARTHUR HOUSE","GOLDEN LANE ESTATE","LONDON","LONDON","CITY OF LONDON","GREATER LONDON","A","http://landregistry.data.gov.uk/data/ppi/transaction/4959E0BD-507A-4643-AD84-8FA7529FACE4/current"
"2F83B9A9-599A-40C5-BEF2-089C752E4892","249999","2010-06-07","EC1Y 0RH","F","N","L","FLAT 97","GREAT ARTHUR HOUSE","GOLDEN LANE ESTATE","","LONDON","CITY OF LONDON","GREATER LONDON","A","http://landregistry.data.gov.uk/data/ppi/transaction/2F83B9A9-599A-40C5-BEF2-089C752E4892/current"
"CF2BD8AE-FB9D-4619-A52C-1CD0F3AE06EA","410000","2014-09-30","EC1Y 0RH","F","N","L","FLAT 98","GREAT ARTHUR HOUSE","GOLDEN LANE ESTATE","","LONDON","CITY OF LONDON","GREATER LONDON","A","http://landregistry.data.gov.uk/data/ppi/transaction/CF2BD8AE-FB9D-4619-A52C-1CD0F3AE06EA/current"
"B82222EC-71A1-6691-E053-6B04A8C02FB2","663000","2020-10-30","EC1Y 0RJ","F","N","L","FLAT 1","BOWATER HOUSE","GOLDEN LANE ESTATE","","LONDON","CITY OF LONDON","GREATER LONDON","A","http://landregistry.data.gov.uk/data/ppi/transaction/B82222EC-71A1-6691-E053-6B04A8C02FB2/current"
"154FBDC8-51C0-479F-B550-DFE0E8FF0AF2","360000","2014-03-10","EC1Y 0RJ","F","N","L","FLAT 1","BOWATER HOUSE","GOLDEN LANE ESTATE","","LONDON","CITY OF LONDON","GREATER LONDON","A","http://landregistry.data.gov.uk/data/ppi/transaction/154FBDC8-51C0-479F-B550-DFE0E8FF0AF2/current"
"1FB23405-9D2D-4F23-945E-BCF21966200C","360000","2006-08-22","EC1Y 0RJ","F","N","L","FLAT 20","BOWATER HOUSE","GOLDEN LANE ESTATE","LONDON","LONDON","CITY OF LONDON","GREATER LONDON","A","http://landregistry.data.gov.uk/data/ppi/transaction/1FB23405-9D2D-4F23-945E-BCF21966200C/current"
"D9D3976C-2BBD-40F2-ABB6-C747DC74D0B1","237000","2003-11-05","EC1Y 0RJ","F","N","L","FLAT 20","BOWATER HOUSE","GOLDEN LANE ESTATE","LONDON","LONDON","CITY OF LONDON","GREATER LONDON","A","http://landregistry.data.gov.uk/data/ppi/transaction/D9D3976C-2BBD-40F2-ABB6-C747DC74D0B1/current"
"858B5BB9-E7C9-46AA-AB28-659C41288916","430000","2011-07-22","EC1Y 0RJ","F","N","L","FLAT 21","BOWATER HOUSE","GOLDEN LANE ESTATE","","LONDON","CITY OF LONDON","GREATER LONDON","A","http://landregistry.data.gov.uk/data/ppi/transaction/858B5BB9-E7C9-46AA-AB28-659C41288916/current"
"463CCD98-4C93-441F-972A-9A590860F044","360000","2007-08-02","EC1Y 0RJ","F","N","L","FLAT 21","BOWATER HOUSE","GOLDEN LANE ESTATE","LONDON","LONDON","CITY OF LONDON","GREATER LONDON","A","http://landregistry.data.gov.uk/data/ppi/transaction/463CCD98-4C93-441F-972A-9A590860F044/current"
"93E6821E-98FF-40FD-E053-6B04A8C0C1DF","660000","2019-08-23","EC1Y 0RJ","F","N","L","FLAT 23","BOWATER HOUSE","GOLDEN LANE ESTATE","","LONDON","CITY OF LONDON","GREATER LONDON","B","http://landregistry.data.gov.uk/data/ppi/transaction/93E6821E-98FF-40FD-E053-6B04A8C0C1DF/current"
"C2092343-AE65-4D92-B530-39786B365830","135000","1998-05-07","EC1Y 0RJ","F","N","L","FLAT 28","BOWATER HOUSE","GOLDEN LANE ESTATE","LONDON","LONDON","CITY OF LONDON","GREATER LONDON","A","http://landregistry.data.gov.uk/data/ppi/transaction/C2092343-AE65-4D92-B530-39786B365830/current"
"31FB4C17-AFF2-57B9-E050-A8C063053436","680000","2016-03-31","EC1Y 0RJ","F","N","L","FLAT 40","BOWATER HOUSE","GOLDEN LANE ESTATE","","LONDON","CITY OF LONDON","GREATER LONDON","A","http://landregistry.data.gov.uk/data/ppi/transaction/31FB4C17-AFF2-57B9-E050-A8C063053436/current"
"C7E97E00-8A77-4665-A985-0D1C4D54E8DF","260000","2002-06-28","EC1Y 0RJ","F","N","L","FLAT 44","BOWATER HOUSE","GOLDEN LANE ESTATE","LONDON","LONDON","CITY OF LONDON","GREATER LONDON","A","http://landregistry.data.gov.uk/data/ppi/transaction/C7E97E00-8A77-4665-A985-0D1C4D54E8DF/current"
"7DD1BB97-E57B-4286-A6C3-F19EE912C687","425000","2009-01-30","EC1Y 0RJ","F","N","L","FLAT 46","BOWATER HOUSE","GOLDEN LANE ESTATE","LONDON","LONDON","CITY OF LONDON","GREATER LONDON","A","http://landregistry.data.gov.uk/data/ppi/transaction/7DD1BB97-E57B-4286-A6C3-F19EE912C687/current"
"2999262D-65A7-4A97-9C8D-CDEBEEA67016","480000","2008-01-04","EC1Y 0RJ","F","N","L","FLAT 46","BOWATER HOUSE","GOLDEN LANE ESTATE","LONDON","LONDON","CITY OF LONDON","GREATER LONDON","A","http://landregistry.data.gov.uk/data/ppi/transaction/2999262D-65A7-4A97-9C8D-CDEBEEA67016/current"
"1B15AAF2-230F-4023-8DAC-8A4081C77B5D","293000","2006-04-28","EC1Y 0RJ","F","N","L","FLAT 46","BOWATER HOUSE","GOLDEN LANE ESTATE","LONDON","LONDON","CITY OF LONDON","GREATER LONDON","A","http://landregistry.data.gov.uk/data/ppi/transaction/1B15AAF2-230F-4023-8DAC-8A4081C77B5D/current"
"ADED96B4-002C-4DA4-8178-AE91DBE4E7DC","415000","2010-12-17","EC1Y 0RJ","F","N","L","FLAT 8","BOWATER HOUSE","GOLDEN LANE ESTATE","","LONDON","CITY OF LONDON","GREATER LONDON","A","http://landregistry.data.gov.uk/data/ppi/transaction/ADED96B4-002C-4DA4-8178-AE91DBE4E7DC/current"
"9E8AD624-58D7-446D-A545-6C77BDD43D8F","306250","2008-05-06","EC1Y 0RL","F","N","L","FLAT 1","STANLEY COHEN HOUSE","GOLDEN LANE ESTATE","LONDON","LONDON","CITY OF LONDON","GREATER LONDON","A","http://landregistry.data.gov.uk/data/ppi/transaction/9E8AD624-58D7-446D-A545-6C77BDD43D8F/current"
"1F3D00BC-E0BA-4DA1-BC48-07586CB92EED","218000","2006-10-04","EC1Y 0RL","F","N","L","FLAT 1","STANLEY COHEN HOUSE","GOLDEN LANE ESTATE","LONDON","LONDON","CITY OF LONDON","GREATER LONDON","A","http://landregistry.data.gov.uk/data/ppi/transaction/1F3D00BC-E0BA-4DA1-BC48-07586CB92EED/current"
"C9F24402-01DF-434C-837A-3F53A733CDFA","158000","2000-01-14","EC1Y 0RL","F","N","L","FLAT 10","STANLEY COHEN HOUSE","GOLDEN LANE ESTATE","","LONDON","CITY OF LONDON","GREATER LONDON","A","http://landregistry.data.gov.uk/data/ppi/transaction/C9F24402-01DF-434C-837A-3F53A733CDFA/current"
"34428D7E-4EA4-B86C-E050-A8C06205059C","435269","2016-04-14","EC1Y 0RL","F","N","L","FLAT 11","STANLEY COHEN HOUSE","GOLDEN LANE ESTATE","","LONDON","CITY OF LONDON","GREATER LONDON","A","http://landregistry.data.gov.uk/data/ppi/transaction/34428D7E-4EA4-B86C-E050-A8C06205059C/current"
"A3ED6305-5095-4022-9766-0A33CE774BE5","185000","2002-10-02","EC1Y 0RL","F","N","L","FLAT 11","STANLEY COHEN HOUSE","GOLDEN LANE ESTATE","LONDON","LONDON","CITY OF LONDON","GREATER LONDON","A","http://landregistry.data.gov.uk/data/ppi/transaction/A3ED6305-5095-4022-9766-0A33CE774BE5/current"
"68FEB20B-C10F-38DA-E053-6C04A8C051AE","695000","2018-03-09","EC1Y 0RL","F","N","L","FLAT 12","STANLEY COHEN HOUSE","GOLDEN LANE ESTATE","","LONDON","CITY OF LONDON","GREATER LONDON","A","http://landregistry.data.gov.uk/data/ppi/transaction/68FEB20B-C10F-38DA-E053-6C04A8C051AE/current"
"D22473F5-B9C8-7B40-E053-6C04A8C0A630","513500","2021-06-22","EC1Y 0RL","F","N","L","FLAT 15","STANLEY COHEN HOUSE","GOLDEN LANE ESTATE","","LONDON","CITY OF LONDON","GREATER LONDON","A","http://landregistry.data.gov.uk/data/ppi/transaction/D22473F5-B9C8-7B40-E053-6C04A8C0A630/current"
"859102F3-2E20-41EE-BB9C-3D325A83D9AC","110000","1998-06-12","EC1Y 0RL","F","N","L","FLAT 15","STANLEY COHEN HOUSE","GOLDEN LANE ESTATE","LONDON","LONDON","CITY OF LONDON","GREATER LONDON","A","http://landregistry.data.gov.uk/data/ppi/transaction/859102F3-2E20-41EE-BB9C-3D325A83D9AC/current"
"796456DE-80BC-4601-BAB5-9F95152C5124","322730","2007-05-09","EC1Y 0RL","F","N","L","FLAT 25","STANLEY COHEN HOUSE","GOLDEN LANE ESTATE","LONDON","LONDON","CITY OF LONDON","GREATER LONDON","A","http://landregistry.data.gov.uk/data/ppi/transaction/796456DE-80BC-4601-BAB5-9F95152C5124/current"
"EE8ED6AD-928E-40A3-B478-85240CB5F66D","315000","2010-09-03","EC1Y 0RL","F","N","L","FLAT 26","STANLEY COHEN HOUSE","GOLDEN LANE ESTATE","","LONDON","CITY OF LONDON","GREATER LONDON","A","http://landregistry.data.gov.uk/data/ppi/transaction/EE8ED6AD-928E-40A3-B478-85240CB5F66D/current"
"8355F009-3F69-55C5-E053-6B04A8C0D090","478000","2019-02-08","EC1Y 0RL","F","N","L","FLAT 27","STANLEY COHEN HOUSE","GOLDEN LANE ESTATE","","LONDON","CITY OF LONDON","GREATER LONDON","A","http://landregistry.data.gov.uk/data/ppi/transaction/8355F009-3F69-55C5-E053-6B04A8C0D090/current"
"024B0DA0-0C6D-40E6-8790-27139E649FC5","340000","2007-10-12","EC1Y 0RL","F","N","L","FLAT 28","STANLEY COHEN HOUSE","GOLDEN LANE ESTATE","LONDON","LONDON","CITY OF LONDON","GREATER LONDON","A","http://landregistry.data.gov.uk/data/ppi/transaction/024B0DA0-0C6D-40E6-8790-27139E649FC5/current"
"F2461830-111A-438B-8697-8C6798C1F954","300000","2007-04-04","EC1Y 0RL","F","N","L","FLAT 28","STANLEY COHEN HOUSE","GOLDEN LANE ESTATE","LONDON","LONDON","CITY OF LONDON","GREATER LONDON","A","http://landregistry.data.gov.uk/data/ppi/transaction/F2461830-111A-438B-8697-8C6798C1F954/current"
"78EE4493-2695-435E-B8CC-898D46639396","186000","2001-04-03","EC1Y 0RL","F","N","L","FLAT 28","STANLEY COHEN HOUSE","GOLDEN LANE ESTATE","LONDON","LONDON","CITY OF LONDON","GREATER LONDON","A","http://landregistry.data.gov.uk/data/ppi/transaction/78EE4493-2695-435E-B8CC-898D46639396/current"
"DCEDF7E0-648F-4E15-B1A5-8B4854B6C284","215000","2002-11-11","EC1Y 0RL","F","N","L","FLAT 29","STANLEY COHEN HOUSE","GOLDEN LANE ESTATE","LONDON","LONDON","CITY OF LONDON","GREATER LONDON","A","http://landregistry.data.gov.uk/data/ppi/transaction/DCEDF7E0-648F-4E15-B1A5-8B4854B6C284/current"
"EC0B20B3-0AE1-4582-8191-26076DC51017","245000","2003-02-28","EC1Y 0RL","F","N","L","FLAT 3","STANLEY COHEN HOUSE","GOLDEN LANE ESTATE","LONDON","LONDON","CITY OF LONDON","GREATER LONDON","A","http://landregistry.data.gov.uk/data/ppi/transaction/EC0B20B3-0AE1-4582-8191-26076DC51017/current"
"49BF26F7-80A6-4524-987E-FFCF74915F60","165000","2000-03-30","EC1Y 0RL","F","N","L","FLAT 3","STANLEY COHEN HOUSE","GOLDEN LANE ESTATE","","LONDON","CITY OF LONDON","GREATER LONDON","A","http://landregistry.data.gov.uk/data/ppi/transaction/49BF26F7-80A6-4524-987E-FFCF74915F60/current"
"919FEC05-8789-9A90-E053-6C04A8C0A300","507500","2019-08-14","EC1Y 0RL","F","N","L","FLAT 32","STANLEY COHEN HOUSE","GOLDEN LANE ESTATE","","LONDON","CITY OF LONDON","GREATER LONDON","A","http://landregistry.data.gov.uk/data/ppi/transaction/919FEC05-8789-9A90-E053-6C04A8C0A300/current"
"5583CAC8-79A5-4417-BEBE-6D13BFCD3713","400000","2012-08-14","EC1Y 0RL","F","N","L","FLAT 32","STANLEY COHEN HOUSE","GOLDEN LANE ESTATE","","LONDON","CITY OF LONDON","GREATER LONDON","A","http://landregistry.data.gov.uk/data/ppi/transaction/5583CAC8-79A5-4417-BEBE-6D13BFCD3713/current"
"B6BA9303-48CA-421E-82EF-A8B995A0D801","127000","1999-10-01","EC1Y 0RL","F","N","L","FLAT 32","STANLEY COHEN HOUSE","GOLDEN LANE ESTATE","","LONDON","CITY OF LONDON","GREATER LONDON","A","http://landregistry.data.gov.uk/data/ppi/transaction/B6BA9303-48CA-421E-82EF-A8B995A0D801/current"
"99D94BEA-03B0-4509-89A2-6594FE2940B8","230000","2001-06-20","EC1Y 0RL","F","N","L","FLAT 4","STANLEY COHEN HOUSE","GOLDEN LANE ESTATE","LONDON","LONDON","CITY OF LONDON","GREATER LONDON","A","http://landregistry.data.gov.uk/data/ppi/transaction/99D94BEA-03B0-4509-89A2-6594FE2940B8/current"
"70E85354-A329-435F-934D-8892360C9BB5","160000","1999-12-13","EC1Y 0RL","F","N","L","FLAT 4","STANLEY COHEN HOUSE","GOLDEN LANE ESTATE","","LONDON","CITY OF LONDON","GREATER LONDON","A","http://landregistry.data.gov.uk/data/ppi/transaction/70E85354-A329-435F-934D-8892360C9BB5/current"
"1A0C5C63-81B9-7CBE-E063-4804A8C06C96","750000","2024-03-01","EC1Y 0RN","F","N","L","FLAT 22","BAYER HOUSE","GOLDEN LANE ESTATE","","LONDON","CITY OF LONDON","GREATER LONDON","A","http://landregistry.data.gov.uk/data/ppi/transaction/1A0C5C63-81B9-7CBE-E063-4804A8C06C96/current"
"2FD36065-D146-4BF8-E050-A8C0620562B1","745000","2016-03-01","EC1Y 0RN","F","N","L","FLAT 22","BAYER HOUSE","GOLDEN LANE ESTATE","","LONDON","CITY OF LONDON","GREATER LONDON","A","http://landregistry.data.gov.uk/data/ppi/transaction/2FD36065-D146-4BF8-E050-A8C0620562B1/current"
"84D4B6CC-4A1C-49B8-89C3-F59816072262","400000","2012-10-02","EC1Y 0RN","F","N","L","FLAT 22","BAYER HOUSE","GOLDEN LANE ESTATE","","LONDON","CITY OF LONDON","GREATER LONDON","A","http://landregistry.data.gov.uk/data/ppi/transaction/84D4B6CC-4A1C-49B8-89C3-F59816072262/current"
"C8A3A576-6D80-0425-E053-6C04A8C0947B","750000","2021-03-30","EC1Y 0RN","F","N","L","FLAT 25","BAYER HOUSE","GOLDEN LANE ESTATE","","LONDON","CITY OF LONDON","GREATER LONDON","A","http://landregistry.data.gov.uk/data/ppi/transaction/C8A3A576-6D80-0425-E053-6C04A8C0947B/current"
"49B7852A-49D9-7921-E050-A8C063056E8D","695000","2017-02-23","EC1Y 0RN","F","N","L","FLAT 25","BAYER HOUSE","GOLDEN LANE ESTATE","","LONDON","CITY OF LONDON","GREATER LONDON","A","http://landregistry.data.gov.uk/data/ppi/transaction/49B7852A-49D9-7921-E050-A8C063056E8D/current"
"E073986B-82C9-2134-E053-6C04A8C0233B","660000","2022-04-08","EC1Y 0RN","F","N","L","FLAT 27","BAYER HOUSE","GOLDEN LANE ESTATE","","LONDON","CITY OF LONDON","GREATER LONDON","A","http://landregistry.data.gov.uk/data/ppi/transaction/E073986B-82C9-2134-E053-6C04A8C0233B/current"
"E40AADCB-9D71-4DA3-BB5E-7E573A5002D2","64000","1999-07-05","EC1Y 0RN","F","Y","L","FLAT 28","BAYER HOUSE","GOLDEN LANE ESTATE","","LONDON","CITY OF LONDON","GREATER LONDON","A","http://landregistry.data.gov.uk/data/ppi/transaction/E40AADCB-9D71-4DA3-BB5E-7E573A5002D2/current"
"1C3E72FE-6B9C-F410-E063-4804A8C0DFA6","745000","2024-05-28","EC1Y 0RN","F","N","L","FLAT 3","BAYER HOUSE","GOLDEN LANE ESTATE","","LONDON","CITY OF LONDON","GREATER LONDON","A","http://landregistry.data.gov.uk/data/ppi/transaction/1C3E72FE-6B9C-F410-E063-4804A8C0DFA6/current"
"BD859B2C-DF8C-4E0C-88E4-B0D5383473CC","275000","2004-04-02","EC1Y 0RN","F","N","L","FLAT 3","BAYER HOUSE","GOLDEN LANE ESTATE","LONDON","LONDON","CITY OF LONDON","GREATER LONDON","A","http://landregistry.data.gov.uk/data/ppi/transaction/BD859B2C-DF8C-4E0C-88E4-B0D5383473CC/current"
"1D91FE0A-315B-4241-B752-CC62932259DB","246000","2003-10-31","EC1Y 0RN","F","N","L","FLAT 3","BAYER HOUSE","GOLDEN LANE ESTATE","LONDON","LONDON","CITY OF LONDON","GREATER LONDON","A","http://landregistry.data.gov.uk/data/ppi/transaction/1D91FE0A-315B-4241-B752-CC62932259DB/current"
"D8688784-3577-47AB-8AC9-21C5EA09817E","235000","2001-10-15","EC1Y 0RN","F","N","L","FLAT 41","BAYER HOUSE","GOLDEN LANE ESTATE","LONDON","LONDON","CITY OF LONDON","GREATER LONDON","A","http://landregistry.data.gov.uk/data/ppi/transaction/D8688784-3577-47AB-8AC9-21C5EA09817E/current"
"8528BEF3-121C-4F9F-BF57-80E86ACA8E7C","437000","2011-10-14","EC1Y 0RN","F","N","L","FLAT 44","BAYER HOUSE","GOLDEN LANE ESTATE","","LONDON","CITY OF LONDON","GREATER LONDON","A","http://landregistry.data.gov.uk/data/ppi/transaction/8528BEF3-121C-4F9F-BF57-80E86ACA8E7C/current"
"EF20915B-9295-4BD0-A9CF-EDA3C3447FDE","445000","2008-10-31","EC1Y 0RN","F","N","L","FLAT 44","BAYER HOUSE","GOLDEN LANE ESTATE","LONDON","LONDON","CITY OF LONDON","GREATER LONDON","A","http://landregistry.data.gov.uk/data/ppi/transaction/EF20915B-9295-4BD0-A9CF-EDA3C3447FDE/current"
"0B25DC79-64E6-49F9-81A4-E764067A384A","310000","2005-08-19","EC1Y 0RN","F","N","L","FLAT 44","BAYER HOUSE","GOLDEN LANE ESTATE","LONDON","LONDON","CITY OF LONDON","GREATER LONDON","A","http://landregistry.data.gov.uk/data/ppi/transaction/0B25DC79-64E6-49F9-81A4-E764067A384A/current"
"AD3CB0BD-B28F-4119-868A-D08A60AA5DEA","120000","1999-01-26","EC1Y 0RN","F","N","L","FLAT 44","BAYER HOUSE","GOLDEN LANE ESTATE","","LONDON","CITY OF LONDON","GREATER LONDON","A","http://landregistry.data.gov.uk/data/ppi/transaction/AD3CB0BD-B28F-4119-868A-D08A60AA5DEA/current"
"EA1DFC7E-524D-42EF-9BB6-31CB9DEF7229","495000","2012-11-16","EC1Y 0RN","F","N","L","FLAT 46","BAYER HOUSE","GOLDEN LANE ESTATE","","LONDON","CITY OF LONDON","GREATER LONDON","A","http://landregistry.data.gov.uk/data/ppi/transaction/EA1DFC7E-524D-42EF-9BB6-31CB9DEF7229/current"
"D2E11A0A-F4A4-405F-86AF-662BBF7732D3","485000","2008-02-04","EC1Y 0RN","F","N","L","FLAT 46","BAYER HOUSE","GOLDEN LANE ESTATE","LONDON","LONDON","CITY OF LONDON","GREATER LONDON","A","http://landregistry.data.gov.uk/data/ppi/transaction/D2E11A0A-F4A4-405F-86AF-662BBF7732D3/current"
"F46026A5-35C1-4572-B4D7-385FA84E235C","268000","2005-01-31","EC1Y 0RN","F","N","L","FLAT 46","BAYER HOUSE","GOLDEN LANE ESTATE","","LONDON","CITY OF LONDON","GREATER LONDON","A","http://landregistry.data.gov.uk/data/ppi/transaction/F46026A5-35C1-4572-B4D7-385FA84E235C/current"
"9428CD16-5A9C-4687-9BBA-B218F4B84029","235000","2000-10-20","EC1Y 0RN","F","N","L","FLAT 48","BAYER HOUSE","GOLDEN LANE ESTATE","","LONDON","CITY OF LONDON","GREATER LONDON","A","http://landregistry.data.gov.uk/data/ppi/transaction/9428CD16-5A9C-4687-9BBA-B218F4B84029/current"
"B57D8C0A-7834-41CA-918B-5E73F09F56A9","425000","2010-03-09","EC1Y 0RN","F","N","L","FLAT 7","BAYER HOUSE","GOLDEN LANE ESTATE","","LONDON","CITY OF LONDON","GREATER LONDON","A","http://landregistry.data.gov.uk/data/ppi/transaction/B57D8C0A-7834-41CA-918B-5E73F09F56A9/current"
"6E34A6E0-40A2-435F-8FD4-4D887D0A923A","249999","2003-09-19","EC1Y 0RN","F","N","L","FLAT 7","BAYER HOUSE","GOLDEN LANE ESTATE","LONDON","LONDON","CITY OF LONDON","GREATER LONDON","A","http://landregistry.data.gov.uk/data/ppi/transaction/6E34A6E0-40A2-435F-8FD4-4D887D0A923A/current"
"0CED7F59-218D-4C15-AAD1-366767A4DBB8","62000","2000-03-20","EC1Y 0RN","F","Y","L","FLAT 7","BAYER HOUSE","GOLDEN LANE ESTATE","","LONDON","CITY OF LONDON","GREATER LONDON","A","http://landregistry.data.gov.uk/data/ppi/transaction/0CED7F59-218D-4C15-AAD1-366767A4DBB8/current"
"02E3FFF4-861A-41D0-833A-16D6B084D1E7","287500","2007-08-16","EC1Y 0RQ","F","N","L","FLAT 68","GREAT ARTHUR HOUSE","GOLDEN LANE ESTATE","LONDON","LONDON","CITY OF LONDON","GREATER LONDON","A","http://landregistry.data.gov.uk/data/ppi/transaction/02E3FFF4-861A-41D0-833A-16D6B084D1E7/current"
"4F0942D5-118D-466D-ACDC-A2EA04EEAE31","185000","2002-11-25","EC1Y 0RQ","F","N","L","FLAT 68","GREAT ARTHUR HOUSE","GOLDEN LANE ESTATE","LONDON","LONDON","CITY OF LONDON","GREATER LONDON","A","http://landregistry.data.gov.uk/data/ppi/transaction/4F0942D5-118D-466D-ACDC-A2EA04EEAE31/current"
"50F18103-5282-9FD5-E050-A8C063054923","490000","2017-03-28","EC1Y 0RQ","F","N","L","FLAT 73","GREAT ARTHUR HOUSE","GOLDEN LANE ESTATE","","LONDON","CITY OF LONDON","GREATER LONDON","A","http://landregistry.data.gov.uk/data/ppi/transaction/50F18103-5282-9FD5-E050-A8C063054923/current"
"8B917FC0-A61C-432B-BDAC-E6E65CE66C7B","149000","2001-09-28","EC1Y 0RQ","F","N","L","FLAT 88","GREAT ARTHUR HOUSE","GOLDEN LANE ESTATE","LONDON","LONDON","CITY OF LONDON","GREATER LONDON","A","http://landregistry.data.gov.uk/data/ppi/transaction/8B917FC0-A61C-432B-BDAC-E6E65CE66C7B/current"
"57EB5972-92FA-4C28-8F91-7F177BEC809B","250000","2012-03-22","EC1Y 0SH","F","N","L","FLAT 39","CULLUM WELCH HOUSE","GOLDEN LANE ESTATE","","LONDON","CITY OF LONDON","GREATER LONDON","A","http://landregistry.data.gov.uk/data/ppi/transaction/57EB5972-92FA-4C28-8F91-7F177BEC809B/current"
"E4C04561-79D7-4FDD-9731-687D3AE49714","185000","2006-06-30","EC1Y 0SH","F","N","L","FLAT 40","CULLUM WELCH HOUSE","GOLDEN LANE ESTATE","LONDON","LONDON","CITY OF LONDON","GREATER LONDON","A","http://landregistry.data.gov.uk/data/ppi/transaction/E4C04561-79D7-4FDD-9731-687D3AE49714/current"
"4E810DE0-0448-4220-829D-7A24FB78A289","173500","2002-11-04","EC1Y 0SH","F","N","L","FLAT 40","CULLUM WELCH HOUSE","GOLDEN LANE ESTATE","LONDON","LONDON","CITY OF LONDON","GREATER LONDON","A","http://landregistry.data.gov.uk/data/ppi/transaction/4E810DE0-0448-4220-829D-7A24FB78A289/current"
"2A289E9E-4755-CDC8-E050-A8C063054829","48000","1997-03-20","EC1Y 0SH","F","N","L","FLAT 40","CULLUM WELCH HOUSE","GOLDEN LANE ESTATE","","LONDON","CITY OF LONDON","GREATER LONDON","A","http://landregistry.data.gov.uk/data/ppi/transaction/2A289E9E-4755-CDC8-E050-A8C063054829/current"
"21E5FEB6-096A-2439-E050-A8C06205342E","317792","2015-02-06","EC1Y 0SH","F","N","L","FLAT 41","CULLUM WELCH HOUSE","GOLDEN LANE ESTATE","","LONDON","CITY OF LONDON","GREATER LONDON","B","http://landregistry.data.gov.uk/data/ppi/transaction/21E5FEB6-096A-2439-E050-A8C06205342E/current"
"474FC923-8FA9-43BA-9745-E7CF803B9F0B","162000","2005-01-28","EC1Y 0SH","F","N","L","FLAT 42","CULLUM WELCH HOUSE","GOLDEN LANE ESTATE","LONDON","LONDON","CITY OF LONDON","GREATER LONDON","A","http://landregistry.data.gov.uk/data/ppi/transaction/474FC923-8FA9-43BA-9745-E7CF803B9F0B/current"
"2FF76367-8A38-43F9-A597-CF8085F38C98","63000","1998-08-28","EC1Y 0SH","F","N","L","FLAT 43","CULLUM WELCH HOUSE","GOLDEN LANE ESTATE","LONDON","LONDON","CITY OF LONDON","GREATER LONDON","A","http://landregistry.data.gov.uk/data/ppi/transaction/2FF76367-8A38-43F9-A597-CF8085F38C98/current"
"8B207CFF-B4E7-41B6-8AC9-8200F43183AF","70000","1997-11-21","EC1Y 0SH","F","N","L","FLAT 48","CULLUM WELCH HOUSE","GOLDEN LANE ESTATE","LONDON","LONDON","CITY OF LONDON","GREATER LONDON","A","http://landregistry.data.gov.uk/data/ppi/transaction/8B207CFF-B4E7-41B6-8AC9-8200F43183AF/current"
"EC7AD099-FAAF-9200-E053-6C04A8C0E306","325000","2022-02-24","EC1Y 0SH","F","N","L","FLAT 53","CULLUM WELCH HOUSE","GOLDEN LANE ESTATE","","LONDON","CITY OF LONDON","GREATER LONDON","A","http://landregistry.data.gov.uk/data/ppi/transaction/EC7AD099-FAAF-9200-E053-6C04A8C0E306/current"
"A65B42C1-9CFE-4738-8E95-324493280239","315000","2014-06-06","EC1Y 0SH","F","N","L","FLAT 56","CULLUM WELCH HOUSE","GOLDEN LANE ESTATE","","LONDON","CITY OF LONDON","GREATER LONDON","A","http://landregistry.data.gov.uk/data/ppi/transaction/A65B42C1-9CFE-4738-8E95-324493280239/current"
"9C00A7F6-5C8E-4F1F-8B4B-CC27C0D0D7AB","68000","1998-02-26","EC1Y 0SH","F","N","L","FLAT 57","CULLUM WELCH HOUSE","GOLDEN LANE ESTATE","LONDON","LONDON","CITY OF LONDON","GREATER LONDON","A","http://landregistry.data.gov.uk/data/ppi/transaction/9C00A7F6-5C8E-4F1F-8B4B-CC27C0D0D7AB/current"
"14D8C134-309D-410D-AFA7-DF13948CB789","250000","2011-07-21","EC1Y 0SH","F","N","L","FLAT 59","CULLUM WELCH HOUSE","GOLDEN LANE ESTATE","","LONDON","CITY OF LONDON","GREATER LONDON","A","http://landregistry.data.gov.uk/data/ppi/transaction/14D8C134-309D-410D-AFA7-DF13948CB789/current"
"63483F89-726B-4467-8420-B44849E1CA42","192750","2009-08-28","EC1Y 0SH","F","N","L","FLAT 60","CULLUM WELCH HOUSE","GOLDEN LANE ESTATE","","LONDON","CITY OF LONDON","GREATER LONDON","A","http://landregistry.data.gov.uk/data/ppi/transaction/63483F89-726B-4467-8420-B44849E1CA42/current"
"B9ED7FBD-434A-4BD4-BBEB-597DD003EA6C","350000","2013-12-16","EC1Y 0SH","F","N","L","FLAT 61","CULLUM WELCH HOUSE","GOLDEN LANE ESTATE","","LONDON","CITY OF LONDON","GREATER LONDON","A","http://landregistry.data.gov.uk/data/ppi/transaction/B9ED7FBD-434A-4BD4-BBEB-597DD003EA6C/current"
"F4C0AE1F-71D2-467A-8F85-D4827D036866","236000","2008-07-23","EC1Y 0SH","F","N","L","FLAT 61","CULLUM WELCH HOUSE","GOLDEN LANE ESTATE","LONDON","LONDON","CITY OF LONDON","GREATER LONDON","A","http://landregistry.data.gov.uk/data/ppi/transaction/F4C0AE1F-71D2-467A-8F85-D4827D036866/current"
"E5AF6968-3E9D-4376-B28F-918FF710AA94","157000","2002-07-15","EC1Y 0SH","F","N","L","FLAT 61","CULLUM WELCH HOUSE","GOLDEN LANE ESTATE","LONDON","LONDON","CITY OF LONDON","GREATER LONDON","A","http://landregistry.data.gov.uk/data/ppi/transaction/E5AF6968-3E9D-4376-B28F-918FF710AA94/current"
"CFA52D57-6795-4EB9-A737-0381DA2A831F","120000","2001-12-06","EC1Y 0SH","F","N","L","FLAT 61","CULLUM WELCH HOUSE","GOLDEN LANE ESTATE","LONDON","LONDON","CITY OF LONDON","GREATER LONDON","A","http://landregistry.data.gov.uk/data/ppi/transaction/CFA52D57-6795-4EB9-A737-0381DA2A831F/current"
"243ECD27-1B86-44EE-AF27-FCE55CA0950B","240000","2007-04-16","EC1Y 0SH","F","N","L","FLAT 64","CULLUM WELCH HOUSE","GOLDEN LANE ESTATE","LONDON","LONDON","CITY OF LONDON","GREATER LONDON","A","http://landregistry.data.gov.uk/data/ppi/transaction/243ECD27-1B86-44EE-AF27-FCE55CA0950B/current"
"25F35EB6-8DD0-49A0-A9F5-1A92E6CD764C","155000","2006-10-31","EC1Y 0SH","F","N","L","FLAT 64","CULLUM WELCH HOUSE","GOLDEN LANE ESTATE","LONDON","LONDON","CITY OF LONDON","GREATER LONDON","A","http://landregistry.data.gov.uk/data/ppi/transaction/25F35EB6-8DD0-49A0-A9F5-1A92E6CD764C/current"
"2A289E9F-30C2-CDC8-E050-A8C063054829","47000","1996-05-08","EC1Y 0SH","F","N","L","FLAT 64","CULLUM WELCH HOUSE","GOLDEN LANE ESTATE","","LONDON","CITY OF LONDON","GREATER LONDON","A","http://landregistry.data.gov.uk/data/ppi/transaction/2A289E9F-30C2-CDC8-E050-A8C063054829/current"
"8FAFFB88-4DFA-41EA-96DE-60EF27876BD2","180000","2005-11-04","EC1Y 0SH","F","N","L","FLAT 65","CULLUM WELCH HOUSE","GOLDEN LANE ESTATE","LONDON","LONDON","CITY OF LONDON","GREATER LONDON","A","http://landregistry.data.gov.uk/data/ppi/transaction/8FAFFB88-4DFA-41EA-96DE-60EF27876BD2/current"
"A4ABD342-A4FE-4788-BAB2-EE1BE99F1396","96000","2000-09-15","EC1Y 0SH","F","N","L","FLAT 65","CULLUM WELCH HOUSE","GOLDEN LANE ESTATE","","LONDON","CITY OF LONDON","GREATER LONDON","A","http://landregistry.data.gov.uk/data/ppi/transaction/A4ABD342-A4FE-4788-BAB2-EE1BE99F1396/current"
"26E41586-9317-43F4-8B9A-B4FD6BA64D1B","395000","2015-06-12","EC1Y 0SJ","F","N","L","FLAT 102","CRESCENT HOUSE","GOLDEN LANE ESTATE","","LONDON","CITY OF LONDON","GREATER LONDON","A","http://landregistry.data.gov.uk/data/ppi/transaction/26E41586-9317-43F4-8B9A-B4FD6BA64D1B/current"
"99F598EE-65ED-4B51-BAD9-2986EBD91935","310000","2007-11-19","EC1Y 0SJ","F","N","L","FLAT 102","CRESCENT HOUSE","GOLDEN LANE ESTATE","LONDON","LONDON","CITY OF LONDON","GREATER LONDON","A","http://landregistry.data.gov.uk/data/ppi/transaction/99F598EE-65ED-4B51-BAD9-2986EBD91935/current"
"6FBBDFC8-A280-4E37-BDBE-1A98ACA0D450","191000","2004-09-27","EC1Y 0SJ","F","N","L","FLAT 102","CRESCENT HOUSE","GOLDEN LANE ESTATE","LONDON","LONDON","CITY OF LONDON","GREATER LONDON","A","http://landregistry.data.gov.uk/data/ppi/transaction/6FBBDFC8-A280-4E37-BDBE-1A98ACA0D450/current"
"5BBB7395-4A1E-471A-BCCB-54343CDA2696","250000","2010-06-15","EC1Y 0SJ","F","N","L","FLAT 103","CRESCENT HOUSE","GOLDEN LANE ESTATE","","LONDON","CITY OF LONDON","GREATER LONDON","A","http://landregistry.data.gov.uk/data/ppi/transaction/5BBB7395-4A1E-471A-BCCB-54343CDA2696/current"
"0C7DF6B7-63F2-44B8-98CE-A00CB79AB4E1","450000","2011-09-30","EC1Y 0SJ","F","N","L","FLAT 104","CRESCENT HOUSE","GOLDEN LANE ESTATE","","LONDON","CITY OF LONDON","GREATER LONDON","A","http://landregistry.data.gov.uk/data/ppi/transaction/0C7DF6B7-63F2-44B8-98CE-A00CB79AB4E1/current"
"44A1B9E3-80DF-42D8-9E08-6180A79DEB7B","425000","2007-11-12","EC1Y 0SJ","F","N","L","FLAT 104","CRESCENT HOUSE","GOLDEN LANE ESTATE","LONDON","LONDON","CITY OF LONDON","GREATER LONDON","A","http://landregistry.data.gov.uk/data/ppi/transaction/44A1B9E3-80DF-42D8-9E08-6180A79DEB7B/current"
"0953DD3B-8EAD-4BD9-8359-35BE228547AB","322000","2005-10-17","EC1Y 0SJ","F","N","L","FLAT 104","CRESCENT HOUSE","GOLDEN LANE ESTATE","LONDON","LONDON","CITY OF LONDON","GREATER LONDON","A","http://landregistry.data.gov.uk/data/ppi/transaction/0953DD3B-8EAD-4BD9-8359-35BE228547AB/current"
"1A2E9392-E8DF-481F-85EB-429FF4A14810","198000","2000-12-20","EC1Y 0SJ","F","N","L","FLAT 104","CRESCENT HOUSE","GOLDEN LANE ESTATE","","LONDON","CITY OF LONDON","GREATER LONDON","A","http://landregistry.data.gov.uk/data/ppi/transaction/1A2E9392-E8DF-481F-85EB-429FF4A14810/current"
"FCDA0B87-FB93-4F69-8330-9D957C5A3C11","410000","2015-08-24","EC1Y 0SJ","F","N","L","FLAT 107","CRESCENT HOUSE","GOLDEN LANE ESTATE","","LONDON","CITY OF LONDON","GREATER LONDON","A","http://landregistry.data.gov.uk/data/ppi/transaction/FCDA0B87-FB93-4F69-8330-9D957C5A3C11/current"
"131DF61A-6124-4837-A468-656AE2096504","377500","2013-10-08","EC1Y 0SJ","F","N","L","FLAT 119","CRESCENT HOUSE","GOLDEN LANE ESTATE","","LONDON","CITY OF LONDON","GREATER LONDON","A","http://landregistry.data.gov.uk/data/ppi/transaction/131DF61A-6124-4837-A468-656AE2096504/current"
"57F200EC-B577-403E-A0DF-2EABF7F63C04","288500","2012-12-18","EC1Y 0SJ","F","N","L","FLAT 119","CRESCENT HOUSE","GOLDEN LANE ESTATE","","LONDON","CITY OF LONDON","GREATER LONDON","A","http://landregistry.data.gov.uk/data/ppi/transaction/57F200EC-B577-403E-A0DF-2EABF7F63C04/current"
"965B6D91-AC55-95E4-E053-6C04A8C07729","360000","2018-01-08","EC1Y 0SJ","F","N","L","FLAT 127","CRESCENT HOUSE","GOLDEN LANE ESTATE","","LONDON","CITY OF LONDON","GREATER LONDON","A","http://landregistry.data.gov.uk/data/ppi/transaction/965B6D91-AC55-95E4-E053-6C04A8C07729/current"
"5048A0BB-01B3-4F34-B63C-8417A96FBB06","280000","2011-10-07","EC1Y 0SJ","F","N","L","FLAT 127","CRESCENT HOUSE","GOLDEN LANE ESTATE","","LONDON","CITY OF LONDON","GREATER LONDON","A","http://landregistry.data.gov.uk/data/ppi/transaction/5048A0BB-01B3-4F34-B63C-8417A96FBB06/current"
"84CC3D53-9292-4B3C-B9BA-C41791B4FD8B","195000","2010-11-24","EC1Y 0SJ","F","N","L","FLAT 127","CRESCENT HOUSE","GOLDEN LANE ESTATE","","LONDON","CITY OF LONDON","GREATER LONDON","A","http://landregistry.data.gov.uk/data/ppi/transaction/84CC3D53-9292-4B3C-B9BA-C41791B4FD8B/current"
"34BCB1DC-FA3A-4590-BB29-8A3B3B6FC1BC","205000","2006-03-17","EC1Y 0SJ","F","N","L","FLAT 131","CRESCENT HOUSE","GOLDEN LANE ESTATE","LONDON","LONDON","CITY OF LONDON","GREATER LONDON","A","http://landregistry.data.gov.uk/data/ppi/transaction/34BCB1DC-FA3A-4590-BB29-8A3B3B6FC1BC/current"
"8F84307E-A44E-4B47-A505-964B149E66ED","265000","2007-02-01","EC1Y 0SJ","F","N","L","FLAT 136","CRESCENT HOUSE","GOLDEN LANE ESTATE","LONDON","LONDON","CITY OF LONDON","GREATER LONDON","A","http://landregistry.data.gov.uk/data/ppi/transaction/8F84307E-A44E-4B47-A505-964B149E66ED/current"
"9ABB25A9-F4AE-4BF6-A819-25A13AD8AF4B","195000","2003-06-30","EC1Y 0SJ","F","N","L","FLAT 136","CRESCENT HOUSE","GOLDEN LANE ESTATE","LONDON","LONDON","CITY OF LONDON","GREATER LONDON","A","http://landregistry.data.gov.uk/data/ppi/transaction/9ABB25A9-F4AE-4BF6-A819-25A13AD8AF4B/current"
"0B04A0C1-5A93-47BC-9114-8299914CBD59","124000","2000-08-23","EC1Y 0SJ","F","N","L","FLAT 136","CRESCENT HOUSE","GOLDEN LANE ESTATE","","LONDON","CITY OF LONDON","GREATER LONDON","A","http://landregistry.data.gov.uk/data/ppi/transaction/0B04A0C1-5A93-47BC-9114-8299914CBD59/current"
"DBA933F9-BCEC-669D-E053-6B04A8C0AD56","335000","2021-06-11","EC1Y 0SJ","F","N","L","FLAT 138","CRESCENT HOUSE","GOLDEN LANE ESTATE","","LONDON","CITY OF LONDON","GREATER LONDON","A","http://landregistry.data.gov.uk/data/ppi/transaction/DBA933F9-BCEC-669D-E053-6B04A8C0AD56/current"
"DEB569F0-A482-4CE5-B054-7E81836E24BC","315000","2012-02-24","EC1Y 0SJ","F","N","L","FLAT 138","CRESCENT HOUSE","GOLDEN LANE ESTATE","","LONDON","CITY OF LONDON","GREATER LONDON","A","http://landregistry.data.gov.uk/data/ppi/transaction/DEB569F0-A482-4CE5-B054-7E81836E24BC/current"
"CB657596-A33D-4121-AD97-5A2E5FCED340","260000","2007-02-09","EC1Y 0SJ","F","N","L","FLAT 138","CRESCENT HOUSE","GOLDEN LANE ESTATE","LONDON","LONDON","CITY OF LONDON","GREATER LONDON","A","http://landregistry.data.gov.uk/data/ppi/transaction/CB657596-A33D-4121-AD97-5A2E5FCED340/current"
"965B6D91-ABB8-95E4-E053-6C04A8C07729","360000","2018-06-01","EC1Y 0SJ","F","N","L","FLAT 139","CRESCENT HOUSE","GOLDEN LANE ESTATE","","LONDON","CITY OF LONDON","GREATER LONDON","A","http://landregistry.data.gov.uk/data/ppi/transaction/965B6D91-ABB8-95E4-E053-6C04A8C07729/current"
"0A72C0F4-1A41-467B-8152-988FEF2B7F9F","395500","2014-09-17","EC1Y 0SJ","F","N","L","FLAT 144","CRESCENT HOUSE","GOLDEN LANE ESTATE","","LONDON","CITY OF LONDON","GREATER LONDON","A","http://landregistry.data.gov.uk/data/ppi/transaction/0A72C0F4-1A41-467B-8152-988FEF2B7F9F/current"
"52BDB81B-5834-40AA-9D4B-9C625C65CB55","282500","2007-11-30","EC1Y 0SJ","F","N","L","FLAT 144","CRESCENT HOUSE","GOLDEN LANE ESTATE","LONDON","LONDON","CITY OF LONDON","GREATER LONDON","A","http://landregistry.data.gov.uk/data/ppi/transaction/52BDB81B-5834-40AA-9D4B-9C625C65CB55/current"
"60C38E71-42FC-4302-B619-D8690AB588FA","59000","1997-09-12","EC1Y 0SJ","S","N","L","FLAT 144","CRESCENT HOUSE","GOLDEN LANE ESTATE","LONDON","LONDON","CITY OF LONDON","GREATER LONDON","A","http://landregistry.data.gov.uk/data/ppi/transaction/60C38E71-42FC-4302-B619-D8690AB588FA/current"
"6E1CF714-68EB-480F-A26C-AEB240158809","243000","2010-09-27","EC1Y 0SJ","F","N","L","FLAT 146","CRESCENT HOUSE","GOLDEN LANE ESTATE","","LONDON","CITY OF LONDON","GREATER LONDON","A","http://landregistry.data.gov.uk/data/ppi/transaction/6E1CF714-68EB-480F-A26C-AEB240158809/current"
"C6209F5E-D2AB-295E-E053-6C04A8C0DDCC","616000","2021-03-26","EC1Y 0SL","F","N","L","FLAT 204","CRESCENT HOUSE","GOLDEN LANE ESTATE","","LONDON","CITY OF LONDON","GREATER LONDON","A","http://landregistry.data.gov.uk/data/ppi/transaction/C6209F5E-D2AB-295E-E053-6C04A8C0DDCC/current"
"98C75472-1DF6-72E9-E053-6B04A8C042F0","182500","2004-01-22","EC1Y 0SL","F","N","L","FLAT 209","CRESCENT HOUSE","GOLDEN LANE ESTATE","","LONDON","CITY OF LONDON","GREATER LONDON","A","http://landregistry.data.gov.uk/data/ppi/transaction/98C75472-1DF6-72E9-E053-6B04A8C042F0/current"
"7454A345-B625-469E-83DC-7DA9BCE8C7C4","158000","2002-02-07","EC1Y 0SL","F","N","L","FLAT 209","CRESCENT HOUSE","GOLDEN LANE ESTATE","LONDON","LONDON","CITY OF LONDON","GREATER LONDON","A","http://landregistry.data.gov.uk/data/ppi/transaction/7454A345-B625-469E-83DC-7DA9BCE8C7C4/current"
"D2859228-E6AE-4DFB-BEC9-9BBF2F720BAD","345000","2012-06-25","EC1Y 0SL","F","N","L","FLAT 212","CRESCENT HOUSE","GOLDEN LANE ESTATE","","LONDON","CITY OF LONDON","GREATER LONDON","A","http://landregistry.data.gov.uk/data/ppi/transaction/D2859228-E6AE-4DFB-BEC9-9BBF2F720BAD/current"
"FE59E0EC-5023-4055-AE79-AAAF64ACF604","247000","2011-04-20","EC1Y 0SL","F","N","L","FLAT 212","CRESCENT HOUSE","GOLDEN LANE ESTATE","","LONDON","CITY OF LONDON","GREATER LONDON","A","http://landregistry.data.gov.uk/data/ppi/transaction/FE59E0EC-5023-4055-AE79-AAAF64ACF604/current"
"58918BF9-912E-487E-884A-20DF84C876FA","345000","2013-11-14","EC1Y 0SL","F","N","L","FLAT 215","CRESCENT HOUSE","GOLDEN LANE ESTATE","","LONDON","CITY OF LONDON","GREATER LONDON","A","http://landregistry.data.gov.uk/data/ppi/transaction/58918BF9-912E-487E-884A-20DF84C876FA/current"
"31174E0A-555B-4305-B04B-133E5B6704D9","85000","1999-03-01","EC1Y 0SL","F","N","L","FLAT 217","CRESCENT HOUSE","GOLDEN LANE ESTATE","","LONDON","CITY OF LONDON","GREATER LONDON","A","http://landregistry.data.gov.uk/data/ppi/transaction/31174E0A-555B-4305-B04B-133E5B6704D9/current"
"98C75472-1DDF-72E9-E053-6B04A8C042F0","320000","2019-02-15","EC1Y 0SL","F","N","L","FLAT 219","CRESCENT HOUSE","GOLDEN LANE ESTATE","","LONDON","CITY OF LONDON","GREATER LONDON","A","http://landregistry.data.gov.uk/data/ppi/transaction/98C75472-1DDF-72E9-E053-6B04A8C042F0/current"
"33AA2B92-EF47-429D-AA59-9C489C139D24","72000","1999-10-29","EC1Y 0SL","F","N","L","FLAT 224","CRESCENT HOUSE","GOLDEN LANE ESTATE","","LONDON","CITY OF LONDON","GREATER LONDON","A","http://landregistry.data.gov.uk/data/ppi/transaction/33AA2B92-EF47-429D-AA59-9C489C139D24/current"
"6AF770BB-5DE9-4621-877D-D556D94C4A3E","200000","2010-05-28","EC1Y 0SL","F","N","L","FLAT 229","CRESCENT HOUSE","GOLDEN LANE ESTATE","","LONDON","CITY OF LONDON","GREATER LONDON","A","http://landregistry.data.gov.uk/data/ppi/transaction/6AF770BB-5DE9-4621-877D-D556D94C4A3E/current"
"CA4AD121-9825-41EB-86C1-3A10DED87885","305000","2007-06-18","EC1Y 0SL","F","N","L","FLAT 240","CRESCENT HOUSE","GOLDEN LANE ESTATE","LONDON","LONDON","CITY OF LONDON","GREATER LONDON","A","http://landregistry.data.gov.uk/data/ppi/transaction/CA4AD121-9825-41EB-86C1-3A10DED87885/current"
"9BAAE137-859F-4F3D-8D9A-4CBEBB2C73E2","185000","2004-10-20","EC1Y 0SL","F","N","L","FLAT 240","CRESCENT HOUSE","GOLDEN LANE ESTATE","LONDON","LONDON","CITY OF LONDON","GREATER LONDON","A","http://landregistry.data.gov.uk/data/ppi/transaction/9BAAE137-859F-4F3D-8D9A-4CBEBB2C73E2/current"
"0520A6C2-8C5F-4887-9E74-BFCD3245A592","165000","2004-06-18","EC1Y 0SL","F","N","L","FLAT 240","CRESCENT HOUSE","GOLDEN LANE ESTATE","LONDON","LONDON","CITY OF LONDON","GREATER LONDON","A","http://landregistry.data.gov.uk/data/ppi/transaction/0520A6C2-8C5F-4887-9E74-BFCD3245A592/current"
"2A289E9C-E684-CDC8-E050-A8C063054829","30360","1996-04-01","EC1Y 0SL","F","Y","L","FLAT 240","CRESCENT HOUSE","GOLDEN LANE ESTATE","","LONDON","CITY OF LONDON","GREATER LONDON","A","http://landregistry.data.gov.uk/data/ppi/transaction/2A289E9C-E684-CDC8-E050-A8C063054829/current"
"A2978C40-21A6-4824-85E2-067D35BEDBC9","135000","2001-09-28","EC1Y 0SL","F","N","L","FLAT 246","CRESCENT HOUSE","GOLDEN LANE ESTATE","LONDON","LONDON","CITY OF LONDON","GREATER LONDON","A","http://landregistry.data.gov.uk/data/ppi/transaction/A2978C40-21A6-4824-85E2-067D35BEDBC9/current"
"F87E72F9-389E-176C-E053-6B04A8C0D2BE","400000","2023-02-27","EC1Y 0SL","F","N","L","FLAT 248","CRESCENT HOUSE","GOLDEN LANE ESTATE","","LONDON","CITY OF LONDON","GREATER LONDON","A","http://landregistry.data.gov.uk/data/ppi/transaction/F87E72F9-389E-176C-E053-6B04A8C0D2BE/current"
"B1554C9B-7C53-43F3-A4F3-5598703E66E4","280000","2012-03-12","EC1Y 0SL","F","N","L","FLAT 248","CRESCENT HOUSE","GOLDEN LANE ESTATE","","LONDON","CITY OF LONDON","GREATER LONDON","A","http://landregistry.data.gov.uk/data/ppi/transaction/B1554C9B-7C53-43F3-A4F3-5598703E66E4/current"
"ECEE39AC-3FAA-4A07-9617-B9003FC1F6A6","190000","2003-04-15","EC1Y 0SL","F","N","L","FLAT 248","CRESCENT HOUSE","GOLDEN LANE ESTATE","LONDON","LONDON","CITY OF LONDON","GREATER LONDON","A","http://landregistry.data.gov.uk/data/ppi/transaction/ECEE39AC-3FAA-4A07-9617-B9003FC1F6A6/current"
"8609A242-7BB3-4900-8219-4767EFA06E17","325500","2006-09-29","EC1Y 0SN","F","N","L","FLAT 301","CRESCENT HOUSE","GOLDEN LANE ESTATE","","LONDON","CITY OF LONDON","GREATER LONDON","A","http://landregistry.data.gov.uk/data/ppi/transaction/8609A242-7BB3-4900-8219-4767EFA06E17/current"
"525D2FF7-B4C2-40D8-B4D7-4171ADB35D65","550000","2013-06-14","EC1Y 0SN","F","N","L","FLAT 304","CRESCENT HOUSE","GOLDEN LANE ESTATE","","LONDON","CITY OF LONDON","GREATER LONDON","A","http://landregistry.data.gov.uk/data/ppi/transaction/525D2FF7-B4C2-40D8-B4D7-4171ADB35D65/current"
"8CC6C524-0F36-4112-BFF3-D1A149461C9C","350000","2013-05-10","EC1Y 0SN","F","N","L","FLAT 306","CRESCENT HOUSE","GOLDEN LANE ESTATE","","LONDON","CITY OF LONDON","GREATER LONDON","A","http://landregistry.data.gov.uk/data/ppi/transaction/8CC6C524-0F36-4112-BFF3-D1A149461C9C/current"
"EA09AD94-FCBD-4AD9-B6F4-DFB5DB3B3DBA","335000","2013-06-14","EC1Y 0SN","F","N","L","FLAT 307","CRESCENT HOUSE","GOLDEN LANE ESTATE","","LONDON","CITY OF LONDON","GREATER LONDON","A","http://landregistry.data.gov.uk/data/ppi/transaction/EA09AD94-FCBD-4AD9-B6F4-DFB5DB3B3DBA/current"
"F07D2E8A-D683-4764-AFC2-4AF0B7F7EAC3","89500","2001-07-30","EC1Y 0SN","F","Y","L","FLAT 307","CRESCENT HOUSE","GOLDEN LANE ESTATE","LONDON","LONDON","CITY OF LONDON","GREATER LONDON","A","http://landregistry.data.gov.uk/data/ppi/transaction/F07D2E8A-D683-4764-AFC2-4AF0B7F7EAC3/current"
"75050A85-6CD2-9A88-E053-6B04A8C02390","456545","2018-07-16","EC1Y 0SN","F","N","L","FLAT 310","CRESCENT HOUSE","GOLDEN LANE ESTATE","","LONDON","CITY OF LONDON","GREATER LONDON","A","http://landregistry.data.gov.uk/data/ppi/transaction/75050A85-6CD2-9A88-E053-6B04A8C02390/current"
"22ACD8E5-DB22-42FA-B30B-DD9C2CD2A6EB","225000","2004-11-17","EC1Y 0SN","F","N","L","FLAT 310","CRESCENT HOUSE","GOLDEN LANE ESTATE","LONDON","LONDON","CITY OF LONDON","GREATER LONDON","A","http://landregistry.data.gov.uk/data/ppi/transaction/22ACD8E5-DB22-42FA-B30B-DD9C2CD2A6EB/current"
"5D25572A-1709-404E-9775-1A02B79FE005","418000","2015-07-06","EC1Y 0SN","F","N","L","FLAT 314","CRESCENT HOUSE","GOLDEN LANE ESTATE","","LONDON","CITY OF LONDON","GREATER LONDON","A","http://landregistry.data.gov.uk/data/ppi/transaction/5D25572A-1709-404E-9775-1A02B79FE005/current"
"582D0637-4A53-8F22-E053-6C04A8C01BAC","418500","2017-08-01","EC1Y 0SN","F","N","L","FLAT 315","CRESCENT HOUSE","GOLDEN LANE ESTATE","","LONDON","CITY OF LONDON","GREATER LONDON","A","http://landregistry.data.gov.uk/data/ppi/transaction/582D0637-4A53-8F22-E053-6C04A8C01BAC/current"
"B3582528-D4F4-480B-AA1F-D3909211348B","220000","2005-11-02","EC1Y 0SN","F","N","L","FLAT 315","CRESCENT HOUSE","GOLDEN LANE ESTATE","LONDON","LONDON","CITY OF LONDON","GREATER LONDON","A","http://landregistry.data.gov.uk/data/ppi/transaction/B3582528-D4F4-480B-AA1F-D3909211348B/current"
"6BCD7270-14A0-4654-8FED-C2E7C499DEBC","110000","2000-08-14","EC1Y 0SN","F","N","L","FLAT 315","CRESCENT HOUSE","GOLDEN LANE ESTATE","","LONDON","CITY OF LONDON","GREATER LONDON","A","http://landregistry.data.gov.uk/data/ppi/transaction/6BCD7270-14A0-4654-8FED-C2E7C499DEBC/current"
"F3CB7021-B368-4F1A-91F2-0EE6E85FB2D4","265000","2008-07-11","EC1Y 0SN","F","N","L","FLAT 319","CRESCENT HOUSE","GOLDEN LANE ESTATE","LONDON","LONDON","CITY OF LONDON","GREATER LONDON","A","http://landregistry.data.gov.uk/data/ppi/transaction/F3CB7021-B368-4F1A-91F2-0EE6E85FB2D4/current"
"BEB547F8-EE81-433E-B856-CE6E4FCAD85D","415000","2014-04-16","EC1Y 0SN","F","N","L","FLAT 323","CRESCENT HOUSE","GOLDEN LANE ESTATE","","LONDON","CITY OF LONDON","GREATER LONDON","A","http://landregistry.data.gov.uk/data/ppi/transaction/BEB547F8-EE81-433E-B856-CE6E4FCAD85D/current"
"3EA9BF6B-8934-4433-B04D-86D3D063665D","150000","2001-09-06","EC1Y 0SN","F","N","L","FLAT 324","CRESCENT HOUSE","GOLDEN LANE ESTATE","LONDON","LONDON","CITY OF LONDON","GREATER LONDON","A","http://landregistry.data.gov.uk/data/ppi/transaction/3EA9BF6B-8934-4433-B04D-86D3D063665D/current"
"422AE607-384E-4826-8F7A-CAC24C7D9C1D","160000","2002-01-25","EC1Y 0SN","F","N","L","FLAT 325","CRESCENT HOUSE","GOLDEN LANE ESTATE","LONDON","LONDON","CITY OF LONDON","GREATER LONDON","A","http://landregistry.data.gov.uk/data/ppi/transaction/422AE607-384E-4826-8F7A-CAC24C7D9C1D/current"
"615912BD-CF4F-4EBC-BC85-FC68AC71445A","210000","2006-01-13","EC1Y 0SN","F","N","L","FLAT 327","CRESCENT HOUSE","GOLDEN LANE ESTATE","LONDON","LONDON","CITY OF LONDON","GREATER LONDON","A","http://landregistry.data.gov.uk/data/ppi/transaction/615912BD-CF4F-4EBC-BC85-FC68AC71445A/current"
"369DFB15-FEE1-3A19-E050-A8C0620518C6","525000","2016-06-14","EC1Y 0SN","F","N","L","FLAT 329","CRESCENT HOUSE","GOLDEN LANE ESTATE","","LONDON","CITY OF LONDON","GREATER LONDON","A","http://landregistry.data.gov.uk/data/ppi/transaction/369DFB15-FEE1-3A19-E050-A8C0620518C6/current"
"9AE97B88-C086-46F8-A4B8-6075939EB523","310000","2011-04-11","EC1Y 0SN","T","N","L","FLAT 329","CRESCENT HOUSE","GOLDEN LANE ESTATE","","LONDON","CITY OF LONDON","GREATER LONDON","A","http://landregistry.data.gov.uk/data/ppi/transaction/9AE97B88-C086-46F8-A4B8-6075939EB523/current"
"5FD3B9E5-133D-464A-B167-A0ADFB225537","72500","1998-04-03","EC1Y 0SN","T","N","L","FLAT 329","CRESCENT HOUSE","GOLDEN LANE ESTATE","LONDON","LONDON","CITY OF LONDON","GREATER LONDON","A","http://landregistry.data.gov.uk/data/ppi/transaction/5FD3B9E5-133D-464A-B167-A0ADFB225537/current"
"0B853950-3524-69A5-E063-4704A8C07DAC","442000","2023-09-22","EC1Y 0SN","F","N","L","FLAT 334","CRESCENT HOUSE","GOLDEN LANE ESTATE","","LONDON","CITY OF LONDON","GREATER LONDON","A","http://landregistry.data.gov.uk/data/ppi/transaction/0B853950-3524-69A5-E063-4704A8C07DAC/current"
"6F22266F-97BB-41C9-9009-9266B9A16A8D","265000","2006-10-18","EC1Y 0SN","F","N","L","FLAT 334","CRESCENT HOUSE","GOLDEN LANE ESTATE","LONDON","LONDON","CITY OF LONDON","GREATER LONDON","A","http://landregistry.data.gov.uk/data/ppi/transaction/6F22266F-97BB-41C9-9009-9266B9A16A8D/current"
"885CC0F3-D647-4EB6-90A5-AE69DB389E94","173000","2002-01-25","EC1Y 0SN","F","N","L","FLAT 334","CRESCENT HOUSE","GOLDEN LANE ESTATE","LONDON","LONDON","CITY OF LONDON","GREATER LONDON","A","http://landregistry.data.gov.uk/data/ppi/transaction/885CC0F3-D647-4EB6-90A5-AE69DB389E94/current"
"01EB45F0-0052-40F3-E063-4704A8C05FDE","425000","2023-07-07","EC1Y 0SN","F","N","L","FLAT 335","CRESCENT HOUSE","GOLDEN LANE ESTATE","","LONDON","CITY OF LONDON","GREATER LONDON","A","http://landregistry.data.gov.uk/data/ppi/transaction/01EB45F0-0052-40F3-E063-4704A8C05FDE/current"
"DB41C239-CAFC-442A-A14D-E321F1470F25","280000","2009-12-07","EC1Y 0SN","F","N","L","FLAT 335","CRESCENT HOUSE","GOLDEN LANE ESTATE","","LONDON","CITY OF LONDON","GREATER LONDON","A","http://landregistry.data.gov.uk/data/ppi/transaction/DB41C239-CAFC-442A-A14D-E321F1470F25/current"
"3E37F9AF-F356-458F-BE9C-73307079505D","390000","2013-10-30","EC1Y 0SN","F","N","L","FLAT 337","CRESCENT HOUSE","GOLDEN LANE ESTATE","","LONDON","CITY OF LONDON","GREATER LONDON","A","http://landregistry.data.gov.uk/data/ppi/transaction/3E37F9AF-F356-458F-BE9C-73307079505D/current"
"2A289E9D-3EB7-CDC8-E050-A8C063054829","245000","2009-06-24","EC1Y 0SN","F","N","L","FLAT 337","CRESCENT HOUSE","GOLDEN LANE ESTATE","","LONDON","CITY OF LONDON","GREATER LONDON","A","http://landregistry.data.gov.uk/data/ppi/transaction/2A289E9D-3EB7-CDC8-E050-A8C063054829/current"
"E53EDD2E-047E-83EC-E053-6B04A8C03A59","400000","2022-01-20","EC1Y 0SN","F","N","L","FLAT 338","CRESCENT HOUSE","GOLDEN LANE ESTATE","","LONDON","CITY OF LONDON","GREATER LONDON","A","http://landregistry.data.gov.uk/data/ppi/transaction/E53EDD2E-047E-83EC-E053-6B04A8C03A59/current"
"9EC12EE8-1664-4089-9D2A-0171065AED07","205000","2003-11-14","EC1Y 0SN","F","N","L","FLAT 338","CRESCENT HOUSE","GOLDEN LANE ESTATE","LONDON","LONDON","CITY OF LONDON","GREATER LONDON","A","http://landregistry.data.gov.uk/data/ppi/transaction/9EC12EE8-1664-4089-9D2A-0171065AED07/current"
"68FEB20B-BFB4-38DA-E053-6C04A8C051AE","417000","2018-03-20","EC1Y 0SN","F","N","L","FLAT 339","CRESCENT HOUSE","GOLDEN LANE ESTATE","","LONDON","CITY OF LONDON","GREATER LONDON","A","http://landregistry.data.gov.uk/data/ppi/transaction/68FEB20B-BFB4-38DA-E053-6C04A8C051AE/current"
"82227D92-D299-4000-8D56-777DD60E3435","175000","2002-05-30","EC1Y 0SN","F","N","L","FLAT 339","CRESCENT HOUSE","GOLDEN LANE ESTATE","LONDON","LONDON","CITY OF LONDON","GREATER LONDON","A","http://landregistry.data.gov.uk/data/ppi/transaction/82227D92-D299-4000-8D56-777DD60E3435/current"
"D610F000-793B-4076-BEF5-E6BDE5052592","390000","2013-08-01","EC1Y 0SN","F","N","L","FLAT 340","CRESCENT HOUSE","GOLDEN LANE ESTATE","","LONDON","CITY OF LONDON","GREATER LONDON","A","http://landregistry.data.gov.uk/data/ppi/transaction/D610F000-793B-4076-BEF5-E6BDE5052592/current"
"2A289E9D-8EF1-CDC8-E050-A8C063054829","45000","1996-11-29","EC1Y 0SN","F","N","L","FLAT 340","CRESCENT HOUSE","GOLDEN LANE ESTATE","","LONDON","CITY OF LONDON","GREATER LONDON","A","http://landregistry.data.gov.uk/data/ppi/transaction/2A289E9D-8EF1-CDC8-E050-A8C063054829/current"
"9DBAD222-02FD-6EB3-E053-6B04A8C0F257","425000","2020-01-21","EC1Y 0SN","F","N","L","FLAT 342","CRESCENT HOUSE","GOLDEN LANE ESTATE","","LONDON","CITY OF LONDON","GREATER LONDON","A","http://landregistry.data.gov.uk/data/ppi/transaction/9DBAD222-02FD-6EB3-E053-6B04A8C0F257/current"
"1D37F043-7374-4A39-B573-02FA9DAA81F2","350000","2013-03-15","EC1Y 0SN","F","N","L","FLAT 342","CRESCENT HOUSE","GOLDEN LANE ESTATE","","LONDON","CITY OF LONDON","GREATER LONDON","A","http://landregistry.data.gov.uk/data/ppi/transaction/1D37F043-7374-4A39-B573-02FA9DAA81F2/current"
"B3598184-959C-400C-9C1C-C817321C5A80","237000","2006-06-23","EC1Y 0SN","F","N","L","FLAT 342","CRESCENT HOUSE","GOLDEN LANE ESTATE","LONDON","LONDON","CITY OF LONDON","GREATER LONDON","A","http://landregistry.data.gov.uk/data/ppi/transaction/B3598184-959C-400C-9C1C-C817321C5A80/current"
"B6391163-CBD7-4C0E-A53D-33840309F5A1","235000","2006-06-08","EC1Y 0SN","F","N","L","FLAT 343","CRESCENT HOUSE","GOLDEN LANE ESTATE","LONDON","LONDON","CITY OF LONDON","GREATER LONDON","A","http://landregistry.data.gov.uk/data/ppi/transaction/B6391163-CBD7-4C0E-A53D-33840309F5A1/current"
"CD93D493-5868-489E-B5D7-C950DAB52847","70000","1998-12-01","EC1Y 0SN","F","N","L","FLAT 344","CRESCENT HOUSE","GOLDEN LANE ESTATE","LONDON","LONDON","CITY OF LONDON","GREATER LONDON","A","http://landregistry.data.gov.uk/data/ppi/transaction/CD93D493-5868-489E-B5D7-C950DAB52847/current"
"6E37D2C5-1C2B-4DD9-A1BF-801B5B2B4C70","318000","2007-05-04","EC1Y 0SN","F","N","L","FLAT 345","CRESCENT HOUSE","GOLDEN LANE ESTATE","LONDON","LONDON","CITY OF LONDON","GREATER LONDON","A","http://landregistry.data.gov.uk/data/ppi/transaction/6E37D2C5-1C2B-4DD9-A1BF-801B5B2B4C70/current"
"93770FF7-44FD-4E61-9366-17B744F188C8","195000","2005-09-02","EC1Y 0SN","F","N","L","FLAT 346","CRESCENT HOUSE","GOLDEN LANE ESTATE","LONDON","LONDON","CITY OF LONDON","GREATER LONDON","A","http://landregistry.data.gov.uk/data/ppi/transaction/93770FF7-44FD-4E61-9366-17B744F188C8/current"
"A9188592-BDC1-4DEB-8731-C794DCE7E8C2","117000","1999-08-10","EC1Y 0SN","F","N","L","FLAT 346","CRESCENT HOUSE","GOLDEN LANE ESTATE","","LONDON","CITY OF LONDON","GREATER LONDON","A","http://landregistry.data.gov.uk/data/ppi/transaction/A9188592-BDC1-4DEB-8731-C794DCE7E8C2/current"
"AB647C19-B88E-4379-9B5C-5C8795E07EF8","237500","2005-12-07","EC1Y 0SN","F","N","L","FLAT 351","CRESCENT HOUSE","GOLDEN LANE ESTATE","LONDON","LONDON","CITY OF LONDON","GREATER LONDON","A","http://landregistry.data.gov.uk/data/ppi/transaction/AB647C19-B88E-4379-9B5C-5C8795E07EF8/current"
"D28690E3-CA82-4DAF-9D02-C07EDCC067CE","175000","2006-07-04","EC1Y 0SQ","F","N","L","FLAT 12","CULLUM WELCH HOUSE","GOLDEN LANE ESTATE","LONDON","LONDON","CITY OF LONDON","GREATER LONDON","A","http://landregistry.data.gov.uk/data/ppi/transaction/D28690E3-CA82-4DAF-9D02-C07EDCC067CE/current"
"0E04FBBF-27DD-40AE-BF79-1B34085BA614","149000","2002-11-29","EC1Y 0SQ","F","N","L","FLAT 12","CULLUM WELCH HOUSE","GOLDEN LANE ESTATE","LONDON","LONDON","CITY OF LONDON","GREATER LONDON","A","http://landregistry.data.gov.uk/data/ppi/transaction/0E04FBBF-27DD-40AE-BF79-1B34085BA614/current"
"368CB09F-1A8A-4232-9764-C04B2D4297AF","67000","1998-06-12","EC1Y 0SQ","F","N","L","FLAT 12","CULLUM WELCH HOUSE","GOLDEN LANE ESTATE","LONDON","LONDON","CITY OF LONDON","GREATER LONDON","A","http://landregistry.data.gov.uk/data/ppi/transaction/368CB09F-1A8A-4232-9764-C04B2D4297AF/current"
"3A8CFE23-0930-4F7B-9F2A-8FA9D5FFB149","317500","2014-02-21","EC1Y 0SQ","F","N","L","FLAT 14","CULLUM WELCH HOUSE","GOLDEN LANE ESTATE","","LONDON","CITY OF LONDON","GREATER LONDON","A","http://landregistry.data.gov.uk/data/ppi/transaction/3A8CFE23-0930-4F7B-9F2A-8FA9D5FFB149/current"
"F10780B2-0BB1-49C7-BC1B-376FFBCACA58","165000","2004-07-15","EC1Y 0SQ","F","N","L","FLAT 14","CULLUM WELCH HOUSE","GOLDEN LANE ESTATE","LONDON","LONDON","CITY OF LONDON","GREATER LONDON","A","http://landregistry.data.gov.uk/data/ppi/transaction/F10780B2-0BB1-49C7-BC1B-376FFBCACA58/current"
"4C9B6899-FFDC-4A8B-A851-D75F324CE4A7","112500","2001-04-27","EC1Y 0SQ","F","N","L","FLAT 14","CULLUM WELCH HOUSE","GOLDEN LANE ESTATE","LONDON","LONDON","CITY OF LONDON","GREATER LONDON","A","http://landregistry.data.gov.uk/data/ppi/transaction/4C9B6899-FFDC-4A8B-A851-D75F324CE4A7/current"
"0A274849-9A09-46BD-9AA8-A2687CF71799","190000","2006-08-18","EC1Y 0SQ","F","N","L","FLAT 15","CULLUM WELCH HOUSE","GOLDEN LANE ESTATE","LONDON","LONDON","CITY OF LONDON","GREATER LONDON","A","http://landregistry.data.gov.uk/data/ppi/transaction/0A274849-9A09-46BD-9AA8-A2687CF71799/current"
"6645CACB-C3DC-4D7D-994F-63C737EB9844","239950","2007-11-07","EC1Y 0SQ","F","N","L","FLAT 16","CULLUM WELCH HOUSE","GOLDEN LANE ESTATE","LONDON","LONDON","CITY OF LONDON","GREATER LONDON","A","http://landregistry.data.gov.uk/data/ppi/transaction/6645CACB-C3DC-4D7D-994F-63C737EB9844/current"
"5C05A3D1-6347-4ABF-91CF-325BAF070223","65000","1998-03-17","EC1Y 0SQ","F","N","L","FLAT 16","CULLUM WELCH HOUSE","GOLDEN LANE ESTATE","LONDON","LONDON","CITY OF LONDON","GREATER LONDON","A","http://landregistry.data.gov.uk/data/ppi/transaction/5C05A3D1-6347-4ABF-91CF-325BAF070223/current"
"729F419B-7288-4F8A-BB2D-E41104E94644","243500","2011-12-19","EC1Y 0SQ","F","N","L","FLAT 20","CULLUM WELCH HOUSE","GOLDEN LANE ESTATE","","LONDON","CITY OF LONDON","GREATER LONDON","A","http://landregistry.data.gov.uk/data/ppi/transaction/729F419B-7288-4F8A-BB2D-E41104E94644/current"
"ECD9E496-0CDB-4911-A955-920E37D3C404","215000","2007-01-26","EC1Y 0SQ","F","N","L","FLAT 21","CULLUM WELCH HOUSE","GOLDEN LANE ESTATE","LONDON","LONDON","CITY OF LONDON","GREATER LONDON","A","http://landregistry.data.gov.uk/data/ppi/transaction/ECD9E496-0CDB-4911-A955-920E37D3C404/current"
"5DC4AE34-73AE-45C9-80CA-A898AE8AF49F","175000","2003-08-29","EC1Y 0SQ","F","N","L","FLAT 21","CULLUM WELCH HOUSE","GOLDEN LANE ESTATE","LONDON","LONDON","CITY OF LONDON","GREATER LONDON","A","http://landregistry.data.gov.uk/data/ppi/transaction/5DC4AE34-73AE-45C9-80CA-A898AE8AF49F/current"
"75BCB174-4468-495B-AE44-F3D8E446EAD1","360000","2015-03-02","EC1Y 0SQ","F","N","L","FLAT 24","CULLUM WELCH HOUSE","GOLDEN LANE ESTATE","","LONDON","CITY OF LONDON","GREATER LONDON","A","http://landregistry.data.gov.uk/data/ppi/transaction/75BCB174-4468-495B-AE44-F3D8E446EAD1/current"
"E5627554-968C-40C8-960B-229042C0D545","210000","2010-08-09","EC1Y 0SQ","F","N","L","FLAT 24","CULLUM WELCH HOUSE","GOLDEN LANE ESTATE","","LONDON","CITY OF LONDON","GREATER LONDON","A","http://landregistry.data.gov.uk/data/ppi/transaction/E5627554-968C-40C8-960B-229042C0D545/current"
"23CBED61-4474-4995-9D07-51F14B414EB4","158110","2002-07-25","EC1Y 0SQ","F","N","L","FLAT 27","CULLUM WELCH HOUSE","GOLDEN LANE ESTATE","LONDON","LONDON","CITY OF LONDON","GREATER LONDON","A","http://landregistry.data.gov.uk/data/ppi/transaction/23CBED61-4474-4995-9D07-51F14B414EB4/current"
"78C43369-E003-4C06-9992-A3F071B3E4BF","110000","2000-11-03","EC1Y 0SQ","F","N","L","FLAT 27","CULLUM WELCH HOUSE","GOLDEN LANE ESTATE","","LONDON","CITY OF LONDON","GREATER LONDON","A","http://landregistry.data.gov.uk/data/ppi/transaction/78C43369-E003-4C06-9992-A3F071B3E4BF/current"
"B915BCF3-31AA-46EB-A343-33E25658166A","72500","1999-03-19","EC1Y 0SQ","F","N","L","FLAT 27","CULLUM WELCH HOUSE","GOLDEN LANE ESTATE","","LONDON","CITY OF LONDON","GREATER LONDON","A","http://landregistry.data.gov.uk/data/ppi/transaction/B915BCF3-31AA-46EB-A343-33E25658166A/current"
"72033EE8-D724-44B6-A255-4E59AB3A72A6","325000","2013-11-26","EC1Y 0SQ","F","N","L","FLAT 3","CULLUM WELCH HOUSE","GOLDEN LANE ESTATE","","LONDON","CITY OF LONDON","GREATER LONDON","A","http://landregistry.data.gov.uk/data/ppi/transaction/72033EE8-D724-44B6-A255-4E59AB3A72A6/current"
"83236DA7-262F-4307-B7D4-9324865A9E82","235000","2008-07-24","EC1Y 0SQ","F","N","L","FLAT 3","CULLUM WELCH HOUSE","GOLDEN LANE ESTATE","LONDON","LONDON","CITY OF LONDON","GREATER LONDON","A","http://landregistry.data.gov.uk/data/ppi/transaction/83236DA7-262F-4307-B7D4-9324865A9E82/current"
"045F76C5-0B62-44E8-83CB-ED797565B756","125000","2002-01-18","EC1Y 0SQ","F","N","L","FLAT 31","CULLUM WELCH HOUSE","GOLDEN LANE ESTATE","LONDON","LONDON","CITY OF LONDON","GREATER LONDON","A","http://landregistry.data.gov.uk/data/ppi/transaction/045F76C5-0B62-44E8-83CB-ED797565B756/current"
"57E73D36-9F87-4140-9A20-9CA985B06F6C","67500","1998-06-19","EC1Y 0SQ","F","N","L","FLAT 31","CULLUM WELCH HOUSE","GOLDEN LANE ESTATE","LONDON","LONDON","CITY OF LONDON","GREATER LONDON","A","http://landregistry.data.gov.uk/data/ppi/transaction/57E73D36-9F87-4140-9A20-9CA985B06F6C/current"
"2A289E9C-E10B-CDC8-E050-A8C063054829","39000","1995-01-06","EC1Y 0SQ","F","N","L","FLAT 34","CULLUM WELCH HOUSE","GOLDEN LANE ESTATE","","LONDON","CITY OF LONDON","GREATER LONDON","A","http://landregistry.data.gov.uk/data/ppi/transaction/2A289E9C-E10B-CDC8-E050-A8C063054829/current"
"C9C679E2-2C02-4BDB-B173-F8E55C8BFDC9","248000","2011-10-19","EC1Y 0SQ","F","N","L","FLAT 4","CULLUM WELCH HOUSE","GOLDEN LANE ESTATE","","LONDON","CITY OF LONDON","GREATER LONDON","A","http://landregistry.data.gov.uk/data/ppi/transaction/C9C679E2-2C02-4BDB-B173-F8E55C8BFDC9/current"
"AC84BADA-6BAB-4F5E-9EFA-AC1F52CC1BF7","245000","2007-09-07","EC1Y 0SQ","F","N","L","FLAT 4","CULLUM WELCH HOUSE","GOLDEN LANE ESTATE","LONDON","LONDON","CITY OF LONDON","GREATER LONDON","A","http://landregistry.data.gov.uk/data/ppi/transaction/AC84BADA-6BAB-4F5E-9EFA-AC1F52CC1BF7/current"
"3ADC5400-83A6-49F3-A2C5-CC4C3FBABC6C","135000","2001-10-30","EC1Y 0SQ","F","N","L","FLAT 4","CULLUM WELCH HOUSE","GOLDEN LANE ESTATE","LONDON","LONDON","CITY OF LONDON","GREATER LONDON","A","http://landregistry.data.gov.uk/data/ppi/transaction/3ADC5400-83A6-49F3-A2C5-CC4C3FBABC6C/current"
"7A9E884D-5348-42E5-9293-8AE6F2C962E3","63000","1997-01-28","EC1Y 0SQ","F","N","L","FLAT 4","CULLUM WELCH HOUSE","GOLDEN LANE ESTATE","LONDON","LONDON","CITY OF LONDON","GREATER LONDON","A","http://landregistry.data.gov.uk/data/ppi/transaction/7A9E884D-5348-42E5-9293-8AE6F2C962E3/current"
"BA558B32-D9A9-76EF-E053-6B04A8C0B4B7","300000","2020-11-20","EC1Y 0SQ","F","N","L","FLAT 8","CULLUM WELCH HOUSE","GOLDEN LANE ESTATE","","LONDON","CITY OF LONDON","GREATER LONDON","A","http://landregistry.data.gov.uk/data/ppi/transaction/BA558B32-D9A9-76EF-E053-6B04A8C0B4B7/current"
"1082EA9A-6A0C-4CD2-ACCF-6B83E5B80E67","195000","2006-09-22","EC1Y 0SQ","F","N","L","FLAT 8","CULLUM WELCH HOUSE","GOLDEN LANE ESTATE","LONDON","LONDON","CITY OF LONDON","GREATER LONDON","A","http://landregistry.data.gov.uk/data/ppi/transaction/1082EA9A-6A0C-4CD2-ACCF-6B83E5B80E67/current"
"6311CAE9-B572-495B-B201-8550263A5E3F","247500","2008-02-22","EC1Y 0SQ","F","N","L","FLAT 9","CULLUM WELCH HOUSE","GOLDEN LANE ESTATE","LONDON","LONDON","CITY OF LONDON","GREATER LONDON","A","http://landregistry.data.gov.uk/data/ppi/transaction/6311CAE9-B572-495B-B201-8550263A5E3F/current"
"B04C2717-133E-4FF3-9063-BA4B82D04CA4","300000","2010-09-07","EC1Y 0ST","F","N","L","FLAT 1","HATFIELD HOUSE","GOLDEN LANE ESTATE","","LONDON","CITY OF LONDON","GREATER LONDON","A","http://landregistry.data.gov.uk/data/ppi/transaction/B04C2717-133E-4FF3-9063-BA4B82D04CA4/current"
"9B5519D4-3FB8-4E61-8B36-BC366D99EC25","185000","2003-11-14","EC1Y 0ST","F","N","L","FLAT 1","HATFIELD HOUSE","GOLDEN LANE ESTATE","LONDON","LONDON","CITY OF LONDON","GREATER LONDON","A","http://landregistry.data.gov.uk/data/ppi/transaction/9B5519D4-3FB8-4E61-8B36-BC366D99EC25/current"
"330EEC02-DD8E-469E-B653-121BE3AD3A24","105000","2000-03-15","EC1Y 0ST","F","N","L","FLAT 1","HATFIELD HOUSE","GOLDEN LANE ESTATE","","LONDON","CITY OF LONDON","GREATER LONDON","A","http://landregistry.data.gov.uk/data/ppi/transaction/330EEC02-DD8E-469E-B653-121BE3AD3A24/current"
"82174AB9-CFA3-4346-BC2E-B64D14878E8D","75000","1998-08-05","EC1Y 0ST","F","N","L","FLAT 1","HATFIELD HOUSE","GOLDEN LANE ESTATE","LONDON","LONDON","CITY OF LONDON","GREATER LONDON","A","http://landregistry.data.gov.uk/data/ppi/transaction/82174AB9-CFA3-4346-BC2E-B64D14878E8D/current"
"1048110E-456B-4BD7-A34B-C869381C5A06","250000","2011-11-22","EC1Y 0ST","F","N","L","FLAT 2","HATFIELD HOUSE","GOLDEN LANE ESTATE","","LONDON","CITY OF LONDON","GREATER LONDON","A","http://landregistry.data.gov.uk/data/ppi/transaction/1048110E-456B-4BD7-A34B-C869381C5A06/current"
"59DD04E4-9AE6-4831-A5D0-9D1DFB5CCAD4","197500","2005-10-21","EC1Y 0ST","F","N","L","FLAT 2","HATFIELD HOUSE","GOLDEN LANE ESTATE","LONDON","LONDON","CITY OF LONDON","GREATER LONDON","A","http://landregistry.data.gov.uk/data/ppi/transaction/59DD04E4-9AE6-4831-A5D0-9D1DFB5CCAD4/current"
"339B5042-DC73-4BC6-8720-0B062012A5C8","135000","2002-02-25","EC1Y 0ST","F","N","L","FLAT 2","HATFIELD HOUSE","GOLDEN LANE ESTATE","LONDON","LONDON","CITY OF LONDON","GREATER LONDON","A","http://landregistry.data.gov.uk/data/ppi/transaction/339B5042-DC73-4BC6-8720-0B062012A5C8/current"
"FA8CBAFA-89D7-4346-A804-6A92BF0428FE","485000","2008-01-31","EC1Y 0ST","F","N","L","FLAT 21","HATFIELD HOUSE","GOLDEN LANE ESTATE","LONDON","LONDON","CITY OF LONDON","GREATER LONDON","A","http://landregistry.data.gov.uk/data/ppi/transaction/FA8CBAFA-89D7-4346-A804-6A92BF0428FE/current"
"01CE39B9-8ACD-439C-834B-56ADE2A26BD1","230000","2002-02-11","EC1Y 0ST","F","N","L","FLAT 21","HATFIELD HOUSE","GOLDEN LANE ESTATE","LONDON","LONDON","CITY OF LONDON","GREATER LONDON","A","http://landregistry.data.gov.uk/data/ppi/transaction/01CE39B9-8ACD-439C-834B-56ADE2A26BD1/current"
"045A1899-43FC-9A24-E063-4804A8C048EA","700000","2023-07-21","EC1Y 0ST","F","N","L","FLAT 22","HATFIELD HOUSE","GOLDEN LANE ESTATE","","LONDON","CITY OF LONDON","GREATER LONDON","B","http://landregistry.data.gov.uk/data/ppi/transaction/045A1899-43FC-9A24-E063-4804A8C048EA/current"
"EF4A6AAE-FE29-4A68-A766-87C6F91D6B88","249000","2003-01-31","EC1Y 0ST","F","N","L","FLAT 22","HATFIELD HOUSE","GOLDEN LANE ESTATE","LONDON","LONDON","CITY OF LONDON","GREATER LONDON","A","http://landregistry.data.gov.uk/data/ppi/transaction/EF4A6AAE-FE29-4A68-A766-87C6F91D6B88/current"
"CEAF07AC-01ED-4E8C-BEF1-E7E1F96F4A00","315000","2002-10-25","EC1Y 0ST","F","N","L","FLAT 23","HATFIELD HOUSE","GOLDEN LANE ESTATE","LONDON","LONDON","CITY OF LONDON","GREATER LONDON","A","http://landregistry.data.gov.uk/data/ppi/transaction/CEAF07AC-01ED-4E8C-BEF1-E7E1F96F4A00/current"
"7F1C9816-D41F-4991-9FDE-80A9B80AE957","200000","2000-06-08","EC1Y 0ST","F","N","L","FLAT 23","HATFIELD HOUSE","GOLDEN LANE ESTATE","","LONDON","CITY OF LONDON","GREATER LONDON","A","http://landregistry.data.gov.uk/data/ppi/transaction/7F1C9816-D41F-4991-9FDE-80A9B80AE957/current"
"23B6165E-9D97-FCF4-E050-A8C0620577FA","802500","2015-10-16","EC1Y 0ST","F","N","L","FLAT 24","HATFIELD HOUSE","GOLDEN LANE ESTATE","","LONDON","CITY OF LONDON","GREATER LONDON","A","http://landregistry.data.gov.uk/data/ppi/transaction/23B6165E-9D97-FCF4-E050-A8C0620577FA/current"
"4DC8295F-A65B-4BC1-8BF4-305D41142840","282500","2004-05-19","EC1Y 0ST","F","N","L","FLAT 25","HATFIELD HOUSE","GOLDEN LANE ESTATE","LONDON","LONDON","CITY OF LONDON","GREATER LONDON","A","http://landregistry.data.gov.uk/data/ppi/transaction/4DC8295F-A65B-4BC1-8BF4-305D41142840/current"
"C6FD2FD8-1A2B-4CD1-A1A4-7FD9C236C87A","445500","2011-09-27","EC1Y 0ST","F","N","L","FLAT 26","HATFIELD HOUSE","GOLDEN LANE ESTATE","","LONDON","CITY OF LONDON","GREATER LONDON","A","http://landregistry.data.gov.uk/data/ppi/transaction/C6FD2FD8-1A2B-4CD1-A1A4-7FD9C236C87A/current"
"BD0E4844-AA34-4708-B73F-CC64CD61B03D","250000","2002-08-23","EC1Y 0ST","F","N","L","FLAT 26","HATFIELD HOUSE","GOLDEN LANE ESTATE","LONDON","LONDON","CITY OF LONDON","GREATER LONDON","A","http://landregistry.data.gov.uk/data/ppi/transaction/BD0E4844-AA34-4708-B73F-CC64CD61B03D/current"
"4E5D4322-8C7A-4581-92F4-6F57597AF76C","63000","1996-08-16","EC1Y 0ST","F","N","L","FLAT 26","HATFIELD HOUSE","GOLDEN LANE ESTATE","LONDON","LONDON","CITY OF LONDON","GREATER LONDON","A","http://landregistry.data.gov.uk/data/ppi/transaction/4E5D4322-8C7A-4581-92F4-6F57597AF76C/current"
"B428E74D-2F44-4C25-ACC8-310A2F256F2D","690000","2015-09-18","EC1Y 0ST","F","N","L","FLAT 28","HATFIELD HOUSE","GOLDEN LANE ESTATE","","LONDON","CITY OF LONDON","GREATER LONDON","A","http://landregistry.data.gov.uk/data/ppi/transaction/B428E74D-2F44-4C25-ACC8-310A2F256F2D/current"
"4DD40A58-3763-46DF-A28B-87378C754376","113000","1998-05-08","EC1Y 0ST","F","N","L","FLAT 28","HATFIELD HOUSE","GOLDEN LANE ESTATE","LONDON","LONDON","CITY OF LONDON","GREATER LONDON","A","http://landregistry.data.gov.uk/data/ppi/transaction/4DD40A58-3763-46DF-A28B-87378C754376/current"
"FA8659EE-B66C-4B59-B23D-0571520DE4C2","270000","2004-06-17","EC1Y 0ST","F","N","L","FLAT 30","HATFIELD HOUSE","GOLDEN LANE ESTATE","LONDON","LONDON","CITY OF LONDON","GREATER LONDON","A","http://landregistry.data.gov.uk/data/ppi/transaction/FA8659EE-B66C-4B59-B23D-0571520DE4C2/current"
"5B216DBF-2B47-4A34-B927-8799391238F9","190000","2001-01-19","EC1Y 0ST","F","N","L","FLAT 31","HATFIELD HOUSE","GOLDEN LANE ESTATE","LONDON","LONDON","CITY OF LONDON","GREATER LONDON","A","http://landregistry.data.gov.uk/data/ppi/transaction/5B216DBF-2B47-4A34-B927-8799391238F9/current"
"2A289E9C-E8C4-CDC8-E050-A8C063054829","45920","1997-11-17","EC1Y 0ST","F","Y","L","FLAT 31","HATFIELD HOUSE","GOLDEN LANE ESTATE","","LONDON","CITY OF LONDON","GREATER LONDON","A","http://landregistry.data.gov.uk/data/ppi/transaction/2A289E9C-E8C4-CDC8-E050-A8C063054829/current"
"3E0846F8-BA77-4966-8BE8-E712113F450B","57000","1996-10-24","EC1Y 0ST","F","N","L","FLAT 7","HATFIELD HOUSE","GOLDEN LANE ESTATE","LONDON","LONDON","CITY OF LONDON","GREATER LONDON","A","http://landregistry.data.gov.uk/data/ppi/transaction/3E0846F8-BA77-4966-8BE8-E712113F450B/current"
"55BDCAE6-40A0-521D-E053-6B04A8C0DD7A","695000","2017-06-30","EC1Y 0SU","F","N","L","FLAT 41","HATFIELD HOUSE","GOLDEN LANE ESTATE","","LONDON","CITY OF LONDON","GREATER LONDON","A","http://landregistry.data.gov.uk/data/ppi/transaction/55BDCAE6-40A0-521D-E053-6B04A8C0DD7A/current"
"4C4EE000-4FC7-1854-E050-A8C063054F34","695000","2017-02-24","EC1Y 0SU","F","N","L","FLAT 41","HATFIELD HOUSE","GOLDEN LANE ESTATE","","LONDON","CITY OF LONDON","GREATER LONDON","B","http://landregistry.data.gov.uk/data/ppi/transaction/4C4EE000-4FC7-1854-E050-A8C063054F34/current"
"369DFB15-FEA3-3A19-E050-A8C0620518C6","695000","2016-06-02","EC1Y 0SU","F","N","L","FLAT 42","HATFIELD HOUSE","GOLDEN LANE ESTATE","","LONDON","CITY OF LONDON","GREATER LONDON","A","http://landregistry.data.gov.uk/data/ppi/transaction/369DFB15-FEA3-3A19-E050-A8C0620518C6/current"
"152AB734-01EA-E651-E063-4704A8C061D9","800000","2023-12-13","EC1Y 0SU","F","N","L","FLAT 43","HATFIELD HOUSE","GOLDEN LANE ESTATE","","LONDON","CITY OF LONDON","GREATER LONDON","A","http://landregistry.data.gov.uk/data/ppi/transaction/152AB734-01EA-E651-E063-4704A8C061D9/current"
"FC7EC9E6-9EF2-4581-8037-205C76B2C8E0","285000","2001-10-26","EC1Y 0SU","F","N","L","FLAT 43","HATFIELD HOUSE","GOLDEN LANE ESTATE","LONDON","LONDON","CITY OF LONDON","GREATER LONDON","A","http://landregistry.data.gov.uk/data/ppi/transaction/FC7EC9E6-9EF2-4581-8037-205C76B2C8E0/current"
"E9AB3286-EDFE-4418-922E-D20E81EDF65E","650000","2014-02-03","EC1Y 0SU","F","N","L","FLAT 45","HATFIELD HOUSE","GOLDEN LANE ESTATE","","LONDON","CITY OF LONDON","GREATER LONDON","A","http://landregistry.data.gov.uk/data/ppi/transaction/E9AB3286-EDFE-4418-922E-D20E81EDF65E/current"
"A254A4B9-3383-4F98-84A1-550A3C1D3D10","460000","2007-11-09","EC1Y 0SU","F","N","L","FLAT 45","HATFIELD HOUSE","GOLDEN LANE ESTATE","LONDON","LONDON","CITY OF LONDON","GREATER LONDON","A","http://landregistry.data.gov.uk/data/ppi/transaction/A254A4B9-3383-4F98-84A1-550A3C1D3D10/current"
"8337CCAC-D09A-4D68-A944-2DAAC2892FA7","126500","1998-06-26","EC1Y 0SU","F","N","L","FLAT 45","HATFIELD HOUSE","GOLDEN LANE ESTATE","LONDON","LONDON","CITY OF LONDON","GREATER LONDON","A","http://landregistry.data.gov.uk/data/ppi/transaction/8337CCAC-D09A-4D68-A944-2DAAC2892FA7/current"
"7319ABE5-7F1D-4965-BC69-B27CDA72D7D5","226500","2001-07-06","EC1Y 0SU","F","N","L","FLAT 46","HATFIELD HOUSE","GOLDEN LANE ESTATE","LONDON","LONDON","CITY OF LONDON","GREATER LONDON","A","http://landregistry.data.gov.uk/data/ppi/transaction/7319ABE5-7F1D-4965-BC69-B27CDA72D7D5/current"
"EA3278A9-7535-2676-E053-6B04A8C015F8","735000","2022-05-31","EC1Y 0SU","F","N","L","FLAT 47","HATFIELD HOUSE","GOLDEN LANE ESTATE","","LONDON","CITY OF LONDON","GREATER LONDON","A","http://landregistry.data.gov.uk/data/ppi/transaction/EA3278A9-7535-2676-E053-6B04A8C015F8/current"
"A2791E73-6774-488B-B390-2C5587F656CC","370000","2009-10-16","EC1Y 0SU","F","N","L","FLAT 47","HATFIELD HOUSE","GOLDEN LANE ESTATE","","LONDON","CITY OF LONDON","GREATER LONDON","A","http://landregistry.data.gov.uk/data/ppi/transaction/A2791E73-6774-488B-B390-2C5587F656CC/current"
"594A60C2-8648-4D39-AEDE-5EF96A2C8E2A","290000","2005-08-26","EC1Y 0SU","F","N","L","FLAT 54","HATFIELD HOUSE","GOLDEN LANE ESTATE","","LONDON","CITY OF LONDON","GREATER LONDON","A","http://landregistry.data.gov.uk/data/ppi/transaction/594A60C2-8648-4D39-AEDE-5EF96A2C8E2A/current"
"726BF13B-0F47-0A46-E053-6C04A8C01D0D","700000","2018-04-12","EC1Y 0SU","F","N","L","FLAT 62","HATFIELD HOUSE","GOLDEN LANE ESTATE","","LONDON","CITY OF LONDON","GREATER LONDON","A","http://landregistry.data.gov.uk/data/ppi/transaction/726BF13B-0F47-0A46-E053-6C04A8C01D0D/current"
"79E95E79-D287-46EE-A3C5-BF6E3B50C443","692000","2013-11-29","EC1Y 0SU","F","N","L","FLAT 63","HATFIELD HOUSE","GOLDEN LANE ESTATE","","LONDON","CITY OF LONDON","GREATER LONDON","A","http://landregistry.data.gov.uk/data/ppi/transaction/79E95E79-D287-46EE-A3C5-BF6E3B50C443/current"
"7CE33619-9B99-4B5D-9A69-26FA2C070E15","80000","1996-08-23","EC1Y 0SU","F","N","L","FLAT 66","HATFIELD HOUSE","GOLDEN LANE ESTATE","LONDON","LONDON","CITY OF LONDON","GREATER LONDON","A","http://landregistry.data.gov.uk/data/ppi/transaction/7CE33619-9B99-4B5D-9A69-26FA2C070E15/current"
"E9F4388D-75C1-4BD8-A822-C9CE68F55884","298000","2003-12-19","EC1Y 0TN","F","N","L","FLAT 10","BASTERFIELD HOUSE","GOLDEN LANE ESTATE","LONDON","LONDON","CITY OF LONDON","GREATER LONDON","A","http://landregistry.data.gov.uk/data/ppi/transaction/E9F4388D-75C1-4BD8-A822-C9CE68F55884/current"
"479AD5BD-89D8-4CF5-837A-02E9B92C35D2","156000","1999-01-29","EC1Y 0TN","F","N","L","FLAT 10","BASTERFIELD HOUSE","GOLDEN LANE ESTATE","","LONDON","CITY OF LONDON","GREATER LONDON","A","http://landregistry.data.gov.uk/data/ppi/transaction/479AD5BD-89D8-4CF5-837A-02E9B92C35D2/current"
"5469AA0D-F633-41E3-82BB-8168535D1CC8","465000","2007-10-15","EC1Y 0TN","F","N","L","FLAT 11","BASTERFIELD HOUSE","GOLDEN LANE ESTATE","LONDON","LONDON","CITY OF LONDON","GREATER LONDON","A","http://landregistry.data.gov.uk/data/ppi/transaction/5469AA0D-F633-41E3-82BB-8168535D1CC8/current"
"9EB1A9BE-5528-47F1-8EF2-2C376247D172","275000","2004-04-19","EC1Y 0TN","F","N","L","FLAT 12","BASTERFIELD HOUSE","GOLDEN LANE ESTATE","LONDON","LONDON","CITY OF LONDON","GREATER LONDON","A","http://landregistry.data.gov.uk/data/ppi/transaction/9EB1A9BE-5528-47F1-8EF2-2C376247D172/current"
"FE9F8F0B-88EE-4745-9803-B9B2C16C50E6","147000","1999-09-28","EC1Y 0TN","F","N","L","FLAT 12","BASTERFIELD HOUSE","GOLDEN LANE ESTATE","","LONDON","CITY OF LONDON","GREATER LONDON","A","http://landregistry.data.gov.uk/data/ppi/transaction/FE9F8F0B-88EE-4745-9803-B9B2C16C50E6/current"
"783E5000-1449-46FD-A251-8C7C4A9F1AF8","655000","2014-05-22","EC1Y 0TN","F","N","L","FLAT 13","BASTERFIELD HOUSE","GOLDEN LANE ESTATE","","LONDON","CITY OF LONDON","GREATER LONDON","A","http://landregistry.data.gov.uk/data/ppi/transaction/783E5000-1449-46FD-A251-8C7C4A9F1AF8/current"
"B027C5CB-0FC5-4047-A4F2-721837FCCA8B","400000","2010-04-23","EC1Y 0TN","F","N","L","FLAT 13","BASTERFIELD HOUSE","GOLDEN LANE ESTATE","","LONDON","CITY OF LONDON","GREATER LONDON","A","http://landregistry.data.gov.uk/data/ppi/transaction/B027C5CB-0FC5-4047-A4F2-721837FCCA8B/current"
"2B185253-716E-4C70-8D4C-127A5548ACC5","150000","1999-09-30","EC1Y 0TN","F","N","L","FLAT 13","BASTERFIELD HOUSE","GOLDEN LANE ESTATE","","LONDON","CITY OF LONDON","GREATER LONDON","A","http://landregistry.data.gov.uk/data/ppi/transaction/2B185253-716E-4C70-8D4C-127A5548ACC5/current"
"D4D42646-10AA-27F6-E053-6C04A8C0A572","700000","2021-11-22","EC1Y 0TN","F","N","L","FLAT 18","BASTERFIELD HOUSE","GOLDEN LANE ESTATE","","LONDON","CITY OF LONDON","GREATER LONDON","A","http://landregistry.data.gov.uk/data/ppi/transaction/D4D42646-10AA-27F6-E053-6C04A8C0A572/current"
"FE0ACDFE-062E-467F-B985-5DCFA0B2D9B5","425000","2006-07-27","EC1Y 0TN","F","N","L","FLAT 18","BASTERFIELD HOUSE","GOLDEN LANE ESTATE","LONDON","LONDON","CITY OF LONDON","GREATER LONDON","A","http://landregistry.data.gov.uk/data/ppi/transaction/FE0ACDFE-062E-467F-B985-5DCFA0B2D9B5/current"
"8FEC19FB-5CAD-4C8E-B67B-550E278EBBDB","210000","2000-09-05","EC1Y 0TN","F","N","L","FLAT 18","BASTERFIELD HOUSE","GOLDEN LANE ESTATE","","LONDON","CITY OF LONDON","GREATER LONDON","A","http://landregistry.data.gov.uk/data/ppi/transaction/8FEC19FB-5CAD-4C8E-B67B-550E278EBBDB/current"
"0BD4F59B-E894-496E-9FA1-4887607568E7","215000","2001-01-30","EC1Y 0TN","F","N","L","FLAT 2","BASTERFIELD HOUSE","GOLDEN LANE ESTATE","LONDON","LONDON","CITY OF LONDON","GREATER LONDON","A","http://landregistry.data.gov.uk/data/ppi/transaction/0BD4F59B-E894-496E-9FA1-4887607568E7/current"
"E4B88EAB-A63A-45E4-B7A3-CB2D82704BC5","290000","2005-03-23","EC1Y 0TN","F","N","L","FLAT 3","BASTERFIELD HOUSE","GOLDEN LANE ESTATE","LONDON","LONDON","CITY OF LONDON","GREATER LONDON","A","http://landregistry.data.gov.uk/data/ppi/transaction/E4B88EAB-A63A-45E4-B7A3-CB2D82704BC5/current"
"BA4AF8A8-B734-4EC9-B2BA-1A1907F874A7","450000","2007-09-19","EC1Y 0TN","F","N","L","FLAT 4","BASTERFIELD HOUSE","GOLDEN LANE ESTATE","LONDON","LONDON","CITY OF LONDON","GREATER LONDON","A","http://landregistry.data.gov.uk/data/ppi/transaction/BA4AF8A8-B734-4EC9-B2BA-1A1907F874A7/current"
"08D3CC40-FC38-49BC-AAE2-4C76677F85D8","450000","2010-12-16","EC1Y 0TN","F","N","L","FLAT 6","BASTERFIELD HOUSE","GOLDEN LANE ESTATE","","LONDON","CITY OF LONDON","GREATER LONDON","A","http://landregistry.data.gov.uk/data/ppi/transaction/08D3CC40-FC38-49BC-AAE2-4C76677F85D8/current"
"6FE5A1C8-E18A-446C-B61C-B33EFFC9690F","235000","2002-04-12","EC1Y 0TN","F","N","L","FLAT 7","BASTERFIELD HOUSE","GOLDEN LANE ESTATE","LONDON","LONDON","CITY OF LONDON","GREATER LONDON","A","http://landregistry.data.gov.uk/data/ppi/transaction/6FE5A1C8-E18A-446C-B61C-B33EFFC9690F/current"
"ED4DEA84-4D75-4CA7-A810-1ED287C04745","115000","1998-08-19","EC1Y 0TN","F","N","L","FLAT 8","BASTERFIELD HOUSE","GOLDEN LANE ESTATE","LONDON","LONDON","CITY OF LONDON","GREATER LONDON","A","http://landregistry.data.gov.uk/data/ppi/transaction/ED4DEA84-4D75-4CA7-A810-1ED287C04745/current"
"2AD1EB6D-3A1C-4304-9ABD-46975B2F3FD8","345000","2005-12-02","EC1Y 0TN","F","N","L","FLAT 9","BASTERFIELD HOUSE","GOLDEN LANE ESTATE","LONDON","LONDON","CITY OF LONDON","GREATER LONDON","A","http://landregistry.data.gov.uk/data/ppi/transaction/2AD1EB6D-3A1C-4304-9ABD-46975B2F3FD8/current"
"5BBF1894-2F13-4B87-B67C-7765704184EF","437000","2011-10-07","EC1Y 0TP","F","N","L","FLAT 22","BASTERFIELD HOUSE","GOLDEN LANE ESTATE","","LONDON","CITY OF LONDON","GREATER LONDON","A","http://landregistry.data.gov.uk/data/ppi/transaction/5BBF1894-2F13-4B87-B67C-7765704184EF/current"
"2859C1AC-3CFA-52B4-E063-4804A8C05948","655000","2024-09-20","EC1Y 0TP","F","N","L","FLAT 24","BASTERFIELD HOUSE","GOLDEN LANE ESTATE","","LONDON","CITY OF LONDON","GREATER LONDON","A","http://landregistry.data.gov.uk/data/ppi/transaction/2859C1AC-3CFA-52B4-E063-4804A8C05948/current"
"9765C993-7B18-46A2-A81C-1BA87CA75A68","432000","2011-05-09","EC1Y 0TP","F","N","L","FLAT 24","BASTERFIELD HOUSE","GOLDEN LANE ESTATE","","LONDON","CITY OF LONDON","GREATER LONDON","A","http://landregistry.data.gov.uk/data/ppi/transaction/9765C993-7B18-46A2-A81C-1BA87CA75A68/current"
"96C7A743-6373-43F4-B06B-8AF53B1AFC0B","190000","2001-01-05","EC1Y 0TP","F","N","L","FLAT 24","BASTERFIELD HOUSE","GOLDEN LANE ESTATE","LONDON","LONDON","CITY OF LONDON","GREATER LONDON","A","http://landregistry.data.gov.uk/data/ppi/transaction/96C7A743-6373-43F4-B06B-8AF53B1AFC0B/current"
"BA435DD4-0332-47A2-9D0B-1A6CBD439D8C","425000","2011-02-21","EC1Y 0TP","F","N","L","FLAT 25","BASTERFIELD HOUSE","GOLDEN LANE ESTATE","","LONDON","CITY OF LONDON","GREATER LONDON","A","http://landregistry.data.gov.uk/data/ppi/transaction/BA435DD4-0332-47A2-9D0B-1A6CBD439D8C/current"
"773788C2-ED91-2CE4-E053-6C04A8C05E57","810000","2018-08-29","EC1Y 0TP","F","N","L","FLAT 29","BASTERFIELD HOUSE","GOLDEN LANE ESTATE","","LONDON","CITY OF LONDON","GREATER LONDON","B","http://landregistry.data.gov.uk/data/ppi/transaction/773788C2-ED91-2CE4-E053-6C04A8C05E57/current"
"279CC3D7-FC5F-425C-9925-004A6A2DC2A2","488000","2007-07-17","EC1Y 0TP","F","N","L","FLAT 29","BASTERFIELD HOUSE","GOLDEN LANE ESTATE","LONDON","LONDON","CITY OF LONDON","GREATER LONDON","A","http://landregistry.data.gov.uk/data/ppi/transaction/279CC3D7-FC5F-425C-9925-004A6A2DC2A2/current"
"119A8353-2CA4-4C94-B39A-20EB7770F00F","310000","2003-12-19","EC1Y 0TP","F","N","L","FLAT 29","BASTERFIELD HOUSE","GOLDEN LANE ESTATE","LONDON","LONDON","CITY OF LONDON","GREATER LONDON","A","http://landregistry.data.gov.uk/data/ppi/transaction/119A8353-2CA4-4C94-B39A-20EB7770F00F/current"
"E53EDD2E-03B1-83EC-E053-6B04A8C03A59","715000","2022-02-16","EC1Y 0TP","F","N","L","FLAT 30","BASTERFIELD HOUSE","GOLDEN LANE ESTATE","","LONDON","CITY OF LONDON","GREATER LONDON","A","http://landregistry.data.gov.uk/data/ppi/transaction/E53EDD2E-03B1-83EC-E053-6B04A8C03A59/current"
"CF1C0F1B-B1FB-4F4C-83D9-21C424335CC0","430000","2008-10-30","EC1Y 0TP","F","N","L","FLAT 30","BASTERFIELD HOUSE","GOLDEN LANE ESTATE","LONDON","LONDON","CITY OF LONDON","GREATER LONDON","A","http://landregistry.data.gov.uk/data/ppi/transaction/CF1C0F1B-B1FB-4F4C-83D9-21C424335CC0/current"
"AC2690D8-6B41-457C-BE4D-D16D30198FD0","110000","1997-11-07","EC1Y 0TP","F","N","L","FLAT 30","BASTERFIELD HOUSE","GOLDEN LANE ESTATE","LONDON","LONDON","CITY OF LONDON","GREATER LONDON","A","http://landregistry.data.gov.uk/data/ppi/transaction/AC2690D8-6B41-457C-BE4D-D16D30198FD0/current"
"0819C0CC-784F-4445-9053-F92751F40A64","450000","2008-09-25","EC1Y 0TP","F","N","L","FLAT 32","BASTERFIELD HOUSE","GOLDEN LANE ESTATE","LONDON","LONDON","CITY OF LONDON","GREATER LONDON","A","http://landregistry.data.gov.uk/data/ppi/transaction/0819C0CC-784F-4445-9053-F92751F40A64/current"
"F6FA37C8-7C33-4AF6-8660-5E3769EB11A7","127500","1998-11-04","EC1Y 0TP","F","N","L","FLAT 32","BASTERFIELD HOUSE","GOLDEN LANE ESTATE","LONDON","LONDON","CITY OF LONDON","GREATER LONDON","A","http://landregistry.data.gov.uk/data/ppi/transaction/F6FA37C8-7C33-4AF6-8660-5E3769EB11A7/current"
"31FE3BD5-9BC5-4A04-8D94-C591818B233C","500000","2007-10-12","EC1Y 0TP","F","N","L","FLAT 37","BASTERFIELD HOUSE","GOLDEN LANE ESTATE","LONDON","LONDON","CITY OF LONDON","GREATER LONDON","A","http://landregistry.data.gov.uk/data/ppi/transaction/31FE3BD5-9BC5-4A04-8D94-C591818B233C/current"
"FAC30767-5430-5E20-E053-4704A8C004EE","650000","2023-04-21","EC1Y 0TR","F","N","L","FLAT 41","BASTERFIELD HOUSE","GOLDEN LANE ESTATE","","LONDON","CITY OF LONDON","GREATER LONDON","A","http://landregistry.data.gov.uk/data/ppi/transaction/FAC30767-5430-5E20-E053-4704A8C004EE/current"
"CBB25E80-EA49-4476-827C-1EA85EF5A44E","640000","2013-12-19","EC1Y 0TR","F","N","L","FLAT 41","BASTERFIELD HOUSE","GOLDEN LANE ESTATE","","LONDON","CITY OF LONDON","GREATER LONDON","A","http://landregistry.data.gov.uk/data/ppi/transaction/CBB25E80-EA49-4476-827C-1EA85EF5A44E/current"
"D881D77E-2C15-44D8-810E-0248F31C8F21","400000","2009-06-05","EC1Y 0TR","F","N","L","FLAT 44","BASTERFIELD HOUSE","GOLDEN LANE ESTATE","","LONDON","CITY OF LONDON","GREATER LONDON","A","http://landregistry.data.gov.uk/data/ppi/transaction/D881D77E-2C15-44D8-810E-0248F31C8F21/current"
"E0CBCAD0-3CE2-44B5-9110-B14444A3D513","272500","2004-10-08","EC1Y 0TR","F","N","L","FLAT 52","BASTERFIELD HOUSE","GOLDEN LANE ESTATE","LONDON","LONDON","CITY OF LONDON","GREATER LONDON","A","http://landregistry.data.gov.uk/data/ppi/transaction/E0CBCAD0-3CE2-44B5-9110-B14444A3D513/current"
"A1CD86C3-336B-4C84-B4A4-F186046C0925","90000","1997-08-22","EC1Y 0TR","F","N","L","FLAT 53","BASTERFIELD HOUSE","GOLDEN LANE ESTATE","LONDON","LONDON","CITY OF LONDON","GREATER LONDON","A","http://landregistry.data.gov.uk/data/ppi/transaction/A1CD86C3-336B-4C84-B4A4-F186046C0925/current"
"28B98344-5C4E-43CB-A6E8-26CDCBE3EC0D","355000","2006-12-08","EC1Y 0TR","F","N","L","FLAT 54","BASTERFIELD HOUSE","GOLDEN LANE ESTATE","LONDON","LONDON","CITY OF LONDON","GREATER LONDON","A","http://landregistry.data.gov.uk/data/ppi/transaction/28B98344-5C4E-43CB-A6E8-26CDCBE3EC0D/current"
"AE1D12B6-A777-4D0D-B313-5E1032FE659A","249500","2002-04-26","EC1Y 0TR","F","N","L","FLAT 54","BASTERFIELD HOUSE","GOLDEN LANE ESTATE","LONDON","LONDON","CITY OF LONDON","GREATER LONDON","A","http://landregistry.data.gov.uk/data/ppi/transaction/AE1D12B6-A777-4D0D-B313-5E1032FE659A/current"
"03C3F2B7-5A44-417B-9383-AE48E0E80B68","325000","2004-07-09","EC1Y 0TR","F","N","L","FLAT 56","BASTERFIELD HOUSE","GOLDEN LANE ESTATE","LONDON","LONDON","CITY OF LONDON","GREATER LONDON","A","http://landregistry.data.gov.uk/data/ppi/transaction/03C3F2B7-5A44-417B-9383-AE48E0E80B68/current"
"7E73D595-5F1E-4657-9036-1EB104AE496E","125000","1997-10-14","EC1Y 0TR","F","N","L","FLAT 56","BASTERFIELD HOUSE","GOLDEN LANE ESTATE","LONDON","LONDON","CITY OF LONDON","GREATER LONDON","A","http://landregistry.data.gov.uk/data/ppi/transaction/7E73D595-5F1E-4657-9036-1EB104AE496E/current"
